file,class,type,cbo,cboModified,fanin,fanout,wmc,dit,noc,rfc,lcom,lcom*,tcc,lcc,totalMethodsQty,staticMethodsQty,publicMethodsQty,privateMethodsQty,protectedMethodsQty,defaultMethodsQty,visibleMethodsQty,abstractMethodsQty,finalMethodsQty,synchronizedMethodsQty,totalFieldsQty,staticFieldsQty,publicFieldsQty,privateFieldsQty,protectedFieldsQty,defaultFieldsQty,finalFieldsQty,synchronizedFieldsQty,nosi,loc,returnQty,loopQty,comparisonsQty,tryCatchQty,parenthesizedExpsQty,stringLiteralsQty,numbersQty,assignmentsQty,mathOperationsQty,variablesQty,maxNestedBlocksQty,anonymousClassesQty,innerClassesQty,lambdasQty,uniqueWordsQty,modifiers,logStatementsQty
C:\Users\syuuj\jsoup\src\main\java\org\jsoup\nodes\Document.java,org.jsoup.nodes.Document$QuirksMode,enum,0,0,0,0,0,1,0,0,0,0.0,-1.0,-1.0,0,0,0,0,0,0,0,0,0,0,0,0,0,0,0,0,0,0,0,1,0,0,0,0,0,0,0,0,0,0,0,0,0,0,4,1,0
C:\Users\syuuj\jsoup\src\main\java\org\jsoup\helper\DataUtil.java,org.jsoup.helper.DataUtil,class,19,25,6,19,70,1,0,69,72,0.9010989,0.06666667,0.06666667,13,12,5,3,0,5,10,0,0,0,7,7,1,3,0,3,7,0,26,189,20,3,34,6,3,25,52,53,3,33,6,0,1,0,197,17,0
C:\Users\syuuj\jsoup\src\main\java\org\jsoup\select\StructuralEvaluator.java,org.jsoup.select.StructuralEvaluator$ImmediateParent,innerclass,3,3,0,3,6,3,0,4,6,0.0,0.0,0.0,4,0,3,0,1,0,4,0,0,0,0,0,0,0,0,0,0,0,1,16,4,0,2,0,0,1,1,1,1,1,1,0,0,0,20,8,0
C:\Users\syuuj\jsoup\src\test\java\org\jsoup\helper\DataUtilTest.java,org.jsoup.helper.DataUtilTest$VaryingReadInputStream,innerclass,1,1,0,1,4,2,0,3,0,0.25,1.0,1.0,4,0,3,0,0,1,4,0,0,0,2,0,0,0,0,2,1,0,2,16,3,0,0,0,0,0,2,2,0,2,0,0,0,0,12,8,0
C:\Users\syuuj\jsoup\src\main\java\org\jsoup\Connection.java,org.jsoup.Connection$Response,interface,5,5,0,5,10,1,0,0,45,0.0,0.0,0.0,10,0,0,0,0,10,10,0,0,0,0,0,0,0,0,0,0,0,0,12,0,0,0,0,0,0,0,0,0,0,0,0,0,0,117,0,0
C:\Users\syuuj\jsoup\src\main\java\org\jsoup\helper\ChangeNotifyingArrayList.java,org.jsoup.helper.ChangeNotifyingArrayList,class,2,5,3,2,13,4,0,12,78,0.0,0.0,0.0,13,0,12,0,1,0,13,1,0,0,0,0,0,0,0,0,0,0,0,50,8,0,0,0,0,0,0,0,0,0,0,0,0,0,32,1025,0
C:\Users\syuuj\jsoup\src\test\java\org\jsoup\helper\DataUtilTest.java,org.jsoup.helper.DataUtilTest,class,13,14,1,13,25,2,0,41,300,0.0,0.0,0.0,25,0,21,2,0,2,23,0,0,0,0,0,0,0,0,0,0,0,63,170,2,0,0,0,1,106,3,53,5,47,0,0,1,0,165,1,0
C:\Users\syuuj\jsoup\src\main\java\org\jsoup\nodes\Range.java,org.jsoup.nodes.Range,class,5,12,7,5,17,1,0,9,0,0.6666667,0.7222222,1.0,9,1,8,0,0,1,9,0,0,0,5,4,0,5,0,0,5,0,3,80,11,0,4,0,0,3,4,10,3,9,1,0,1,0,83,1,0
C:\Users\syuuj\jsoup\src\main\java\org\jsoup\select\Evaluator.java,org.jsoup.select.Evaluator$IndexEvaluator,innerclass,1,1,0,1,1,2,0,0,0,0.0,NaN,NaN,1,0,1,0,0,0,1,0,0,0,1,0,0,0,0,1,0,0,0,6,0,0,0,0,0,0,0,1,0,1,0,0,0,0,8,1033,0
C:\Users\syuuj\jsoup\src\main\java\org\jsoup\select\Evaluator.java,org.jsoup.select.Evaluator$IsOnlyOfType,innerclass,3,3,0,3,8,2,0,5,1,0.0,0.0,0.0,2,0,2,0,0,0,2,0,0,0,0,0,0,0,0,0,0,0,0,17,3,1,3,0,0,1,3,4,0,3,2,0,0,0,17,25,0
C:\Users\syuuj\jsoup\src\main\java\org\jsoup\select\Evaluator.java,org.jsoup.select.Evaluator$ContainsWholeText,innerclass,2,2,0,2,4,2,0,3,0,0.25,0.5,0.5,4,0,3,0,1,0,4,0,0,0,1,0,0,1,0,0,1,0,1,15,3,0,0,0,0,1,1,1,0,1,0,0,0,0,22,25,0
C:\Users\syuuj\jsoup\src\test\java\org\jsoup\select\CssTest.java,org.jsoup.select.CssTest,class,9,10,1,9,28,1,0,18,0,0.5,0.8105263,0.9,20,1,19,0,1,0,20,0,0,0,2,1,0,2,0,0,0,0,21,158,0,8,0,0,0,252,40,17,5,16,1,0,0,0,58,1,0
C:\Users\syuuj\jsoup\src\main\java\org\jsoup\nodes\Entities.java,org.jsoup.nodes.Entities$CoreCharset,enum,1,1,0,1,3,1,0,2,0,0.0,NaN,NaN,1,1,0,0,0,1,1,0,0,0,0,0,0,0,0,0,0,0,0,6,3,0,0,0,0,2,0,0,0,0,1,0,0,0,9,0,0
C:\Users\syuuj\jsoup\src\test\java\org\jsoup\parser\ParserSettingsTest.java,org.jsoup.parser.ParserSettingsTest,class,4,4,0,4,3,1,0,9,3,0.0,0.0,0.0,3,0,3,0,0,0,3,0,0,0,0,0,0,0,0,0,0,0,3,31,0,0,0,0,0,21,1,9,0,9,0,0,0,0,23,1,0
C:\Users\syuuj\jsoup\src\main\java\org\jsoup\safety\Cleaner.java,org.jsoup.safety.Cleaner,class,16,20,4,16,12,1,0,29,13,0.6666667,0.0,0.0,6,0,4,2,0,0,4,0,0,0,1,0,0,1,0,0,1,0,11,100,5,1,2,0,0,3,5,16,0,16,2,0,2,0,164,1,0
C:\Users\syuuj\jsoup\src\main\java\org\jsoup\nodes\Element.java,org.jsoup.nodes.Element,class,53,184,131,53,266,6,3,188,8946,0.9428571,0.03664122,0.091603056,140,5,120,9,5,6,131,0,1,0,7,3,0,5,0,2,3,0,115,818,156,20,45,3,16,42,46,112,11,94,4,0,2,4,599,1,0
C:\Users\syuuj\jsoup\src\main\java\org\jsoup\helper\HttpConnection.java,org.jsoup.helper.HttpConnection,class,16,20,4,16,57,3,0,43,0,0.9070707,0.699187,0.77351916,45,4,41,3,0,1,42,0,0,0,11,9,5,6,0,0,9,0,22,960,44,7,2,1,0,26,6,23,2,16,2,0,4,0,185,1,0
C:\Users\syuuj\jsoup\src\main\java\org\jsoup\helper\UrlBuilder.java,org.jsoup.helper.UrlBuilder,class,5,9,4,5,16,1,0,27,4,0.5,1.0,1.0,5,2,0,2,0,3,3,0,0,0,2,0,0,0,0,2,0,0,17,57,3,1,6,2,0,1,3,8,0,6,3,0,0,0,71,16,0
C:\Users\syuuj\jsoup\src\test\java\org\jsoup\integration\TestServer.java,org.jsoup.integration.TestServer$ServletUrls,innerclass,0,0,0,0,1,1,0,0,0,0.0,NaN,NaN,1,0,1,0,0,0,1,0,0,0,2,0,2,0,0,0,2,0,0,8,0,0,0,0,0,0,0,2,0,2,0,0,0,0,5,9,0
C:\Users\syuuj\jsoup\src\main\java\org\jsoup\select\NodeTraversor.java,org.jsoup.select.NodeTraversor,class,7,18,11,7,34,1,0,14,6,0.0,0.0,0.0,4,4,4,0,0,0,4,0,0,0,0,0,0,0,0,0,0,0,8,88,5,6,23,0,2,0,9,22,0,10,4,0,0,0,58,1,0
C:\Users\syuuj\jsoup\src\test\java\org\jsoup\integration\UrlConnectTest.java,org.jsoup.integration.UrlConnectTest,class,14,15,1,14,52,1,0,60,990,0.9777778,0.0,0.0,45,1,44,1,0,0,44,0,0,0,3,3,1,2,0,0,2,0,54,316,1,0,1,4,1,134,18,113,3,104,1,0,0,2,268,1,0
C:\Users\syuuj\jsoup\src\test\java\org\jsoup\select\ElementsTest.java,org.jsoup.select.ElementsTest$Anonymous1,anonymous,1,1,0,1,2,1,0,2,1,0.0,0.0,0.0,2,0,2,0,0,0,2,0,0,0,0,0,0,0,0,0,0,0,0,8,0,0,0,0,0,4,0,0,0,0,0,0,0,0,4,-1,0
C:\Users\syuuj\jsoup\src\main\java\org\jsoup\safety\Safelist.java,org.jsoup.safety.Safelist$AttributeKey,innerclass,2,2,0,2,2,2,0,0,1,0.0,0.0,0.0,2,1,0,0,0,2,2,0,0,0,0,0,0,0,0,0,0,0,0,8,1,0,0,0,0,0,0,0,0,0,0,0,0,0,6,8,0
C:\Users\syuuj\jsoup\src\main\java\org\jsoup\select\Evaluator.java,org.jsoup.select.Evaluator$MatchesOwn,innerclass,2,2,0,2,4,2,0,4,0,0.25,0.5,0.5,4,0,3,0,1,0,4,0,0,0,1,0,0,1,0,0,1,0,1,16,3,0,0,0,0,1,1,2,0,2,0,0,0,0,18,25,0
C:\Users\syuuj\jsoup\src\main\java\org\jsoup\select\CombiningEvaluator.java,org.jsoup.select.CombiningEvaluator$And,innerclass,4,4,0,4,6,3,0,4,6,0.0,0.0,0.0,4,0,2,0,0,2,4,0,0,0,0,0,0,0,0,0,0,0,2,18,3,1,0,0,0,1,1,2,0,2,2,0,0,0,14,25,0
C:\Users\syuuj\jsoup\src\test\java\org\jsoup\internal\StringUtilTest.java,org.jsoup.internal.StringUtilTest,class,4,4,0,4,13,1,0,17,66,0.0,0.0,0.0,12,0,9,0,0,3,12,0,0,0,0,0,0,0,0,0,0,0,91,122,0,1,0,0,0,157,34,5,0,5,1,0,0,0,51,1,0
C:\Users\syuuj\jsoup\src\main\java\org\jsoup\parser\Token.java,org.jsoup.parser.Token$EndTag,innerclass,1,1,0,1,2,3,0,1,1,0.0,0.0,0.0,2,0,1,0,0,1,2,0,0,0,0,0,0,0,0,0,0,0,0,9,1,0,0,0,0,2,0,1,1,0,0,0,0,0,6,24,0
C:\Users\syuuj\jsoup\src\main\java\org\jsoup\helper\HttpConnection.java,org.jsoup.helper.HttpConnection$Request,innerclass,8,8,0,8,32,2,0,9,278,0.8880952,0.12315271,0.8029557,28,0,25,0,0,3,29,0,0,0,15,0,0,15,0,0,1,0,8,145,25,0,0,0,0,8,6,40,1,15,1,0,0,0,58,9,0
C:\Users\syuuj\jsoup\src\test\java\org\jsoup\parser\HtmlParserTest.java,org.jsoup.parser.HtmlParserTest,class,27,28,1,27,204,1,0,123,18145,0.0,0.0,0.0,191,4,157,5,0,29,186,0,0,0,0,0,0,0,0,0,0,0,378,1366,2,8,0,0,4,820,166,504,26,490,1,0,0,0,594,1,0
C:\Users\syuuj\jsoup\src\main\java\org\jsoup\nodes\Document.java,org.jsoup.nodes.Document,class,21,92,71,21,54,3,0,47,389,0.8940092,0.073891625,0.08374384,31,1,29,2,0,0,29,0,0,0,7,1,0,7,0,0,2,0,10,283,31,5,10,0,1,35,1,37,0,24,5,0,2,0,231,1,0
C:\Users\syuuj\jsoup\src\test\java\org\jsoup\nodes\LeafNodeTest.java,org.jsoup.nodes.LeafNodeTest$Anonymous1,anonymous,2,2,0,2,3,1,0,1,1,0.0,0.0,0.0,2,0,2,0,0,0,2,0,0,0,0,0,0,0,0,0,0,0,0,14,3,0,0,0,0,0,1,1,0,0,1,0,0,0,7,-1,0
C:\Users\syuuj\jsoup\src\main\java\org\jsoup\Jsoup.java,org.jsoup.Jsoup,class,12,61,49,12,20,1,0,19,190,0.0,0.0,0.0,20,19,19,1,0,0,19,0,0,0,0,0,0,0,0,0,0,0,15,70,19,0,0,0,0,4,0,7,0,7,0,0,0,0,310,1,0
C:\Users\syuuj\jsoup\src\main\java\org\jsoup\parser\HtmlTreeBuilder.java,org.jsoup.parser.HtmlTreeBuilder,class,29,61,32,29,269,2,0,121,4327,0.96749794,0.051072523,0.24208376,98,1,1,9,3,85,89,0,0,0,27,13,1,16,0,10,13,0,22,732,86,22,31,1,5,192,61,150,33,119,3,0,0,0,326,1,1
C:\Users\syuuj\jsoup\src\test\java\org\jsoup\select\TraversorTest.java,org.jsoup.select.TraversorTest,class,12,12,0,12,12,1,0,17,36,0.0,0.0,0.0,9,0,9,0,0,0,9,0,0,0,0,0,0,0,0,0,0,0,19,136,0,0,0,0,1,30,4,16,1,20,3,7,0,2,43,1,0
C:\Users\syuuj\jsoup\src\main\java\org\jsoup\nodes\FormElement.java,org.jsoup.nodes.FormElement,class,13,22,9,13,24,3,0,28,9,0.42857143,0.2857143,0.2857143,7,0,6,0,1,0,7,0,0,0,1,0,0,1,0,0,1,0,6,61,5,2,3,0,0,17,2,13,0,12,4,0,0,0,130,1,0
C:\Users\syuuj\jsoup\src\test\java\org\jsoup\integration\ConnectIT.java,org.jsoup.integration.ConnectIT,class,9,9,0,9,17,1,0,32,28,0.0,0.0,0.0,8,0,8,0,0,0,8,0,0,0,0,0,0,0,0,0,0,0,16,131,0,1,1,6,2,13,34,43,13,40,3,0,0,3,89,1,0
C:\Users\syuuj\jsoup\src\main\java\org\jsoup\UnsupportedMimeTypeException.java,org.jsoup.UnsupportedMimeTypeException,class,0,2,2,0,4,4,0,1,0,0.25,0.8333333,1.0,4,0,4,0,0,0,4,0,0,0,2,0,0,2,0,0,2,0,0,18,3,0,0,0,0,2,0,2,1,2,0,0,0,0,28,1,0
C:\Users\syuuj\jsoup\src\test\java\org\jsoup\helper\W3CDomTest.java,org.jsoup.helper.W3CDomTest,class,16,17,1,16,23,1,0,63,171,0.0,0.0,0.0,19,1,14,4,0,1,15,0,0,0,0,0,0,0,0,0,0,0,53,258,5,0,0,1,2,102,19,102,0,96,3,0,0,1,172,1,0
C:\Users\syuuj\jsoup\src\main\java\org\jsoup\select\StructuralEvaluator.java,org.jsoup.select.StructuralEvaluator,class,3,11,8,3,5,18,14,9,0,0.16666667,0.6666667,1.0,3,0,1,0,1,1,3,0,0,0,2,0,0,0,0,2,2,0,1,189,1,0,2,0,0,0,0,7,0,5,1,0,9,0,16,1024,0
C:\Users\syuuj\jsoup\src\test\java\org\jsoup\safety\SafelistTest.java,org.jsoup.safety.SafelistTest,class,6,6,0,6,7,1,0,17,0,0.5,0.6,0.6,5,0,4,0,0,1,5,0,0,0,4,4,0,4,0,0,4,0,6,50,0,1,0,1,0,15,0,20,2,18,1,0,0,0,53,1,0
C:\Users\syuuj\jsoup\src\test\java\org\jsoup\parser\ParserIT.java,org.jsoup.parser.ParserIT,class,5,5,0,5,7,1,0,16,1,0.0,0.0,0.0,2,0,2,0,0,0,2,0,0,0,0,0,0,0,0,0,0,0,4,28,0,3,0,1,0,7,11,7,2,7,2,0,0,0,33,1,0
C:\Users\syuuj\jsoup\src\test\java\org\jsoup\integration\SessionIT.java,org.jsoup.integration.SessionIT,class,8,8,0,8,11,1,0,13,3,0.0,0.0,0.0,3,1,3,0,0,0,3,0,0,0,0,0,0,0,0,0,0,0,7,76,0,6,0,2,0,13,10,23,5,21,5,0,1,2,48,1,0
C:\Users\syuuj\jsoup\src\test\java\org\jsoup\parser\HtmlTreeBuilderStateTest.java,org.jsoup.parser.HtmlTreeBuilderStateTest,class,7,9,2,7,15,1,0,21,15,0.0,0.0,0.0,6,2,4,0,0,2,6,0,0,0,0,0,0,0,0,0,0,0,12,50,1,4,0,1,0,42,1,11,4,11,3,0,0,0,47,1,0
C:\Users\syuuj\jsoup\src\main\java\org\jsoup\helper\AuthenticationHandler.java,org.jsoup.helper.AuthenticationHandler$GlobalHandler,innerclass,3,3,0,3,4,1,0,4,0,0.0,0.5,0.5,3,0,3,0,0,0,4,0,0,0,1,1,0,0,0,1,0,0,1,15,1,0,0,0,0,0,0,1,0,1,0,0,0,0,33,8,0
C:\Users\syuuj\jsoup\src\test\java\org\jsoup\nodes\TextNodeTest.java,org.jsoup.nodes.TextNodeTest,class,12,12,0,12,19,1,0,59,105,0.0,0.0,0.0,15,0,10,0,0,5,15,0,0,0,0,0,0,0,0,0,0,0,16,166,0,2,0,0,0,80,17,46,1,44,4,0,0,2,92,1,0
C:\Users\syuuj\jsoup\src\test\java\org\jsoup\parser\HtmlTreeBuilderTest.java,org.jsoup.parser.HtmlTreeBuilderTest,class,6,6,0,6,5,1,0,12,3,0.0,0.0,0.0,3,0,3,0,0,0,3,0,0,0,0,0,0,0,0,0,0,0,2,24,0,1,0,0,0,1,1,6,0,5,2,0,0,1,31,1,0
C:\Users\syuuj\jsoup\src\main\java\org\jsoup\nodes\EntitiesData.java,org.jsoup.nodes.EntitiesData,class,0,0,0,0,1,1,0,0,0,NaN,NaN,NaN,0,0,0,0,0,0,1,0,0,0,3,3,0,0,0,3,3,0,0,10,0,0,0,0,0,3,0,3,0,3,0,0,0,0,4763,0,0
C:\Users\syuuj\jsoup\src\test\java\org\jsoup\integration\servlets\FileServlet.java,org.jsoup.integration.servlets.FileServlet,class,8,16,8,8,7,3,0,15,3,0.6666667,0.0,0.0,3,2,2,0,1,0,4,0,0,0,4,4,4,0,0,0,4,0,3,34,2,0,1,0,0,5,0,10,2,9,2,0,0,0,30,1,0
C:\Users\syuuj\jsoup\src\main\java\org\jsoup\select\Evaluator.java,org.jsoup.select.Evaluator$IndexEquals,innerclass,2,2,0,2,4,3,0,2,3,0.0,0.0,0.0,3,0,3,0,0,0,3,0,0,0,0,0,0,0,0,0,0,0,1,11,2,0,1,0,0,1,0,0,0,0,0,0,0,0,15,25,0
C:\Users\syuuj\jsoup\src\test\java\org\jsoup\nodes\ElementTest.java,org.jsoup.nodes.ElementTest,class,23,24,1,23,223,1,0,225,20245,0.96039605,0.0014212476,0.0014212476,202,3,139,3,0,60,199,0,0,0,1,0,0,1,0,0,1,0,261,2032,1,11,0,7,7,1165,322,693,31,672,3,2,0,9,559,1,0
C:\Users\syuuj\jsoup\src\main\java\org\jsoup\select\Selector.java,org.jsoup.select.Selector$SelectorParseException,innerclass,0,0,0,0,3,5,0,1,3,0.0,0.0,0.0,3,0,3,0,0,0,3,0,0,0,0,0,0,0,0,0,0,0,2,11,0,0,0,0,0,0,0,0,0,0,0,0,0,0,8,9,0
C:\Users\syuuj\jsoup\src\main\java\org\jsoup\parser\Token.java,org.jsoup.parser.Token$Tag,innerclass,8,8,0,8,44,2,0,23,137,0.82608694,0.22380953,0.8142857,23,0,1,2,0,20,21,1,19,0,12,1,0,8,2,2,3,0,8,145,9,1,12,0,0,2,7,40,0,14,4,0,0,0,42,1032,0
C:\Users\syuuj\jsoup\src\main\java\org\jsoup\nodes\XmlDeclaration.java,org.jsoup.nodes.XmlDeclaration,class,9,19,10,9,15,3,0,17,34,0.7777778,0.035714287,0.035714287,9,0,6,1,0,2,8,0,0,0,1,0,0,1,0,0,1,0,4,52,5,1,0,1,0,8,0,5,0,4,3,0,0,0,49,1,0
C:\Users\syuuj\jsoup\src\main\java\org\jsoup\parser\Token.java,org.jsoup.parser.Token$Doctype,innerclass,2,2,0,2,8,2,0,4,18,0.75,0.17857143,0.53571427,8,0,3,0,0,5,8,0,0,0,5,0,0,0,0,5,3,0,3,37,7,0,0,0,0,2,0,8,1,5,0,0,0,0,26,24,0
C:\Users\syuuj\jsoup\src\main\java\org\jsoup\select\Evaluator.java,org.jsoup.select.Evaluator$TagEndsWith,innerclass,2,2,0,2,3,2,0,3,0,0.0,1.0,1.0,3,0,3,0,0,0,3,0,0,0,1,0,0,1,0,0,1,0,1,12,2,0,0,0,1,1,0,1,0,1,0,0,0,0,15,25,0
C:\Users\syuuj\jsoup\src\main\java\org\jsoup\helper\CookieUtil.java,org.jsoup.helper.CookieUtil,class,5,7,2,5,14,1,0,23,6,0.75,0.0,0.0,4,4,0,1,0,3,3,0,0,0,4,4,0,4,0,0,4,0,6,48,2,2,3,1,0,4,3,14,1,12,3,0,0,0,67,0,0
C:\Users\syuuj\jsoup\src\main\java\org\jsoup\nodes\Element.java,org.jsoup.nodes.Element$TextAccumulator,innerclass,5,5,0,5,15,1,0,8,0,0.0,1.0,1.0,3,0,3,0,0,0,3,0,0,0,1,0,0,1,0,0,1,0,3,23,0,0,0,0,3,1,1,5,0,5,2,0,0,0,21,10,0
C:\Users\syuuj\jsoup\src\test\java\org\jsoup\nodes\BuildEntities.java,org.jsoup.nodes.BuildEntities$Anonymous1,anonymous,0,0,0,0,0,1,0,0,0,0.0,-1.0,-1.0,0,0,0,0,0,0,0,0,0,0,0,0,0,0,0,0,0,0,0,2,0,0,0,0,0,0,0,0,0,0,0,0,0,0,0,-1,0
C:\Users\syuuj\jsoup\src\test\java\org\jsoup\integration\TestServer.java,org.jsoup.integration.TestServer,class,17,32,15,17,15,1,0,45,10,0.70454544,0.4,0.6,8,7,3,4,0,1,5,0,0,0,11,11,0,9,0,2,9,0,17,118,5,0,0,2,4,12,6,30,4,29,2,0,2,1,109,1,0
C:\Users\syuuj\jsoup\src\main\java\org\jsoup\select\Evaluator.java,org.jsoup.select.Evaluator$Tag,innerclass,2,2,0,2,4,2,0,3,0,0.25,0.5,0.5,4,0,3,0,1,0,4,0,0,0,1,0,0,1,0,0,1,0,1,15,3,0,0,0,1,1,1,1,0,1,0,0,0,0,11,25,0
C:\Users\syuuj\jsoup\src\main\java\org\jsoup\nodes\Document.java,org.jsoup.nodes.Document$OutputSettings$Syntax,enum,0,0,0,0,0,1,0,0,0,0.0,-1.0,-1.0,0,0,0,0,0,0,0,0,0,0,0,0,0,0,0,0,0,0,0,1,0,0,0,0,0,0,0,0,0,0,0,0,0,0,6,1,0
C:\Users\syuuj\jsoup\src\main\java\org\jsoup\internal\StringUtil.java,org.jsoup.internal.StringUtil,class,4,55,51,4,72,1,0,54,198,0.9183674,0.010526316,0.010526316,21,21,20,1,0,0,20,0,0,0,7,7,0,6,0,1,7,0,27,183,32,8,22,2,1,31,23,44,3,32,3,0,1,0,228,17,0
C:\Users\syuuj\jsoup\src\main\java\org\jsoup\parser\TokeniserState.java,org.jsoup.parser.TokeniserState$Anonymous24,anonymous,2,2,0,2,6,1,0,6,0,0.0,NaN,NaN,1,0,0,0,0,1,1,0,0,0,0,0,0,0,0,0,0,0,0,30,1,0,0,0,0,0,0,1,0,1,1,0,0,0,13,-1,1
C:\Users\syuuj\jsoup\src\main\java\org\jsoup\parser\TokeniserState.java,org.jsoup.parser.TokeniserState$Anonymous25,anonymous,2,2,0,2,3,1,0,9,0,0.0,NaN,NaN,1,0,0,0,0,1,1,0,0,0,0,0,0,0,0,0,0,0,0,19,0,0,0,0,0,1,0,0,0,0,1,0,0,0,14,-1,0
C:\Users\syuuj\jsoup\src\main\java\org\jsoup\parser\TokeniserState.java,org.jsoup.parser.TokeniserState$Anonymous26,anonymous,3,3,0,3,2,1,0,8,0,0.0,NaN,NaN,1,0,0,0,0,1,1,0,0,0,0,0,0,0,0,0,0,0,0,14,0,0,0,0,0,1,0,0,0,0,1,0,0,0,12,-1,0
C:\Users\syuuj\jsoup\src\main\java\org\jsoup\parser\TokeniserState.java,org.jsoup.parser.TokeniserState$Anonymous27,anonymous,3,3,0,3,1,1,0,1,0,0.0,NaN,NaN,1,0,0,0,0,1,1,0,0,0,0,0,0,0,0,0,0,0,1,5,0,0,0,0,0,0,0,0,0,0,0,0,0,0,9,-1,0
C:\Users\syuuj\jsoup\src\main\java\org\jsoup\parser\TokeniserState.java,org.jsoup.parser.TokeniserState$Anonymous20,anonymous,2,2,0,2,2,1,0,4,0,0.0,NaN,NaN,1,0,0,0,0,1,1,0,0,0,0,0,0,0,0,0,0,0,0,11,0,0,0,0,0,0,0,0,0,0,1,0,0,0,10,-1,0
C:\Users\syuuj\jsoup\src\main\java\org\jsoup\parser\TokeniserState.java,org.jsoup.parser.TokeniserState$Anonymous21,anonymous,2,2,0,2,2,1,0,4,0,0.0,NaN,NaN,1,0,0,0,0,1,1,0,0,0,0,0,0,0,0,0,0,0,0,11,0,0,0,0,0,0,0,0,0,0,1,0,0,0,9,-1,0
C:\Users\syuuj\jsoup\src\main\java\org\jsoup\parser\TokeniserState.java,org.jsoup.parser.TokeniserState$Anonymous22,anonymous,2,2,0,2,5,1,0,10,0,0.0,NaN,NaN,1,0,0,0,0,1,1,0,0,0,0,0,0,0,0,0,0,0,0,26,1,0,0,0,0,0,0,1,0,1,1,0,0,0,14,-1,1
C:\Users\syuuj\jsoup\src\test\java\org\jsoup\select\TraversorTest.java,org.jsoup.select.TraversorTest$Anonymous7,anonymous,2,2,0,2,4,1,0,3,0,0.0,1.0,1.0,2,0,2,0,0,0,2,0,0,0,1,0,0,0,0,1,0,0,0,15,0,0,0,0,0,6,1,3,2,3,1,0,0,0,9,-1,0
C:\Users\syuuj\jsoup\src\main\java\org\jsoup\parser\Tokeniser.java,org.jsoup.parser.Tokeniser,class,18,93,75,18,85,1,0,61,191,0.8986666,0.24827586,0.445977,30,0,0,1,0,29,30,0,0,0,24,5,0,14,0,10,10,0,13,271,20,2,23,1,4,16,62,61,5,42,5,0,0,0,148,16,0
C:\Users\syuuj\jsoup\src\main\java\org\jsoup\parser\TokeniserState.java,org.jsoup.parser.TokeniserState$Anonymous23,anonymous,2,2,0,2,5,1,0,6,0,0.0,NaN,NaN,1,0,0,0,0,1,1,0,0,0,0,0,0,0,0,0,0,0,0,27,1,0,0,0,0,0,0,1,0,1,1,0,0,0,14,-1,1
C:\Users\syuuj\jsoup\src\test\java\org\jsoup\select\TraversorTest.java,org.jsoup.select.TraversorTest$Anonymous6,anonymous,2,2,0,2,4,1,0,5,1,0.0,0.0,0.0,2,0,2,0,0,0,2,0,0,0,0,0,0,0,0,0,0,0,0,13,0,0,0,0,0,2,1,2,0,2,2,0,0,0,8,-1,0
C:\Users\syuuj\jsoup\src\main\java\org\jsoup\nodes\Comment.java,org.jsoup.nodes.Comment,class,13,27,14,13,19,3,0,30,55,0.0,0.0,0.0,11,1,8,1,0,2,10,0,0,0,0,0,0,0,0,0,0,0,4,48,9,0,0,0,6,8,5,9,2,7,1,0,0,0,66,1,0
C:\Users\syuuj\jsoup\src\main\java\org\jsoup\select\Evaluator.java,org.jsoup.select.Evaluator$IndexGreaterThan,innerclass,2,2,0,2,4,3,0,2,3,0.0,0.0,0.0,3,0,3,0,0,0,3,0,0,0,0,0,0,0,0,0,0,0,1,11,2,0,0,0,0,1,0,0,0,0,0,0,0,0,16,25,0
C:\Users\syuuj\jsoup\src\main\java\org\jsoup\nodes\LeafNode.java,org.jsoup.nodes.LeafNode,class,3,14,11,3,24,2,5,17,78,0.5625,0.14285715,0.14285715,16,0,9,1,4,2,15,0,2,0,1,0,0,0,0,1,0,0,0,71,14,0,1,0,1,1,1,6,0,4,2,0,0,0,35,1024,0
C:\Users\syuuj\jsoup\src\main\java\org\jsoup\parser\TokeniserState.java,org.jsoup.parser.TokeniserState$Anonymous28,anonymous,3,3,0,3,1,1,0,1,0,0.0,NaN,NaN,1,0,0,0,0,1,1,0,0,0,0,0,0,0,0,0,0,0,1,5,0,0,0,0,0,0,0,0,0,0,0,0,0,0,10,-1,0
C:\Users\syuuj\jsoup\src\main\java\org\jsoup\parser\TokeniserState.java,org.jsoup.parser.TokeniserState$Anonymous29,anonymous,2,2,0,2,5,1,0,9,0,0.0,NaN,NaN,1,0,0,0,0,1,1,0,0,0,0,0,0,0,0,0,0,0,0,27,0,0,0,0,0,0,0,2,0,2,1,0,0,0,16,-1,1
C:\Users\syuuj\jsoup\src\main\java\org\jsoup\helper\RequestAuthenticator.java,org.jsoup.helper.RequestAuthenticator$Context,innerclass,0,0,0,0,9,1,0,1,5,0.61904764,0.3809524,0.71428573,7,0,6,0,0,1,7,0,0,0,3,0,0,3,0,0,3,0,0,28,6,0,2,0,0,0,0,3,0,3,0,0,0,0,46,0,0
C:\Users\syuuj\jsoup\src\test\java\org\jsoup\nodes\BuildEntities.java,org.jsoup.nodes.BuildEntities,class,9,11,2,9,8,1,0,28,3,0.6666667,NaN,NaN,3,3,1,2,0,0,1,0,0,0,2,2,0,2,0,0,0,0,5,83,1,4,0,0,0,12,4,19,3,16,2,1,3,0,66,0,0
C:\Users\syuuj\jsoup\src\test\java\org\jsoup\TextUtil.java,org.jsoup.TextUtil,class,0,12,12,0,3,1,0,3,1,0.6,0.33333334,0.33333334,3,3,3,0,0,0,3,0,0,0,5,5,0,0,0,5,0,0,5,20,3,0,0,0,0,11,0,9,0,5,0,0,0,0,21,1,0
C:\Users\syuuj\jsoup\src\main\java\org\jsoup\select\Selector.java,org.jsoup.select.Selector,class,9,12,3,9,13,5,0,9,15,0.0,0.0,0.0,6,5,4,1,0,1,5,0,0,0,0,0,0,0,0,0,0,0,13,58,5,4,1,0,0,0,0,7,0,6,3,0,1,0,300,1,0
C:\Users\syuuj\jsoup\src\main\java\org\jsoup\select\Evaluator.java,org.jsoup.select.Evaluator$AttributeWithValueEnding,innerclass,4,4,0,4,4,3,0,5,6,0.0,0.0,0.0,4,0,3,0,1,0,4,0,0,0,0,0,0,0,0,0,0,0,2,14,3,0,0,0,0,1,1,0,0,0,0,0,0,0,21,25,0
C:\Users\syuuj\jsoup\src\main\java\org\jsoup\select\Collector.java,org.jsoup.select.Collector$FirstFinder,innerclass,7,7,0,7,5,1,0,2,0,0.33333334,0.6666667,1.0,3,0,1,0,0,2,3,0,0,0,3,0,0,3,0,0,1,0,1,24,3,0,0,0,0,0,0,7,0,4,2,0,0,0,27,8,0
C:\Users\syuuj\jsoup\src\main\java\org\jsoup\select\StructuralEvaluator.java,org.jsoup.select.StructuralEvaluator$ImmediatePreviousSibling,innerclass,3,3,0,3,6,3,0,4,6,0.0,0.0,0.0,4,0,3,0,1,0,4,0,0,0,0,0,0,0,0,0,0,0,1,16,4,0,2,0,0,1,1,1,1,1,1,0,0,0,18,8,0
C:\Users\syuuj\jsoup\src\test\java\org\jsoup\helper\AuthenticationHandlerTest.java,org.jsoup.helper.AuthenticationHandlerTest,class,0,0,0,0,0,1,0,0,0,NaN,-1.0,-1.0,0,0,0,0,0,0,0,0,0,0,1,1,1,0,0,0,1,0,0,3,0,0,0,0,0,0,0,1,0,1,0,0,0,0,5,1,0
C:\Users\syuuj\jsoup\src\test\java\org\jsoup\nodes\BuildEntities.java,org.jsoup.nodes.BuildEntities$CharacterRef,innerclass,2,2,0,2,2,1,0,1,0,0.0,NaN,NaN,1,0,1,0,0,0,1,0,0,0,3,0,0,0,0,3,0,0,3,8,1,0,0,0,1,4,3,0,2,3,0,0,0,0,9,10,0
C:\Users\syuuj\jsoup\src\main\java\org\jsoup\parser\TokeniserState.java,org.jsoup.parser.TokeniserState$Anonymous30,anonymous,2,2,0,2,5,1,0,5,0,0.0,NaN,NaN,1,0,0,0,0,1,1,0,0,0,0,0,0,0,0,0,0,0,0,27,0,0,0,0,0,0,0,1,0,1,1,0,0,0,15,-1,1
C:\Users\syuuj\jsoup\src\main\java\org\jsoup\safety\Safelist.java,org.jsoup.safety.Safelist$AttributeValue,innerclass,2,2,0,2,2,2,0,0,1,0.0,0.0,0.0,2,1,0,0,0,2,2,0,0,0,0,0,0,0,0,0,0,0,0,8,1,0,0,0,0,0,0,0,0,0,0,0,0,0,5,8,0
C:\Users\syuuj\jsoup\src\main\java\org\jsoup\helper\HttpConnection.java,org.jsoup.helper.HttpConnection$KeyVal,innerclass,4,4,0,4,14,1,0,4,10,0.65384614,0.3939394,0.6969697,13,2,12,1,0,0,12,0,0,0,4,0,0,4,0,0,0,0,6,56,12,0,1,0,0,6,0,6,1,4,0,0,0,0,15,9,0
C:\Users\syuuj\jsoup\src\main\java\org\jsoup\parser\HtmlTreeBuilderState.java,org.jsoup.parser.HtmlTreeBuilderState$Anonymous5,anonymous,7,7,0,7,16,1,0,18,1,0.0,NaN,NaN,2,0,0,1,0,1,1,0,0,0,0,0,0,0,0,0,0,0,3,33,7,0,0,0,2,3,0,0,0,0,1,0,0,0,17,-1,3
C:\Users\syuuj\jsoup\src\main\java\org\jsoup\parser\TokeniserState.java,org.jsoup.parser.TokeniserState$Anonymous35,anonymous,3,3,0,3,13,1,0,8,0,0.0,NaN,NaN,1,0,0,0,0,1,1,0,0,0,0,0,0,0,0,0,0,0,0,38,0,0,0,0,0,0,0,2,0,2,1,0,0,0,20,-1,1
C:\Users\syuuj\jsoup\src\main\java\org\jsoup\parser\HtmlTreeBuilderState.java,org.jsoup.parser.HtmlTreeBuilderState$Anonymous4,anonymous,12,12,0,12,23,1,0,35,1,0.0,NaN,NaN,2,0,0,1,0,1,1,0,0,0,0,0,0,0,0,0,0,0,6,95,10,0,0,0,0,12,0,5,0,4,4,0,0,0,30,-1,5
C:\Users\syuuj\jsoup\src\main\java\org\jsoup\parser\TokeniserState.java,org.jsoup.parser.TokeniserState$Anonymous36,anonymous,3,3,0,3,14,1,0,8,0,0.0,NaN,NaN,1,0,0,0,0,1,1,0,0,0,0,0,0,0,0,0,0,0,0,44,0,0,0,0,0,0,0,1,0,1,1,0,0,0,17,-1,2
C:\Users\syuuj\jsoup\src\main\java\org\jsoup\parser\HtmlTreeBuilderState.java,org.jsoup.parser.HtmlTreeBuilderState$Anonymous7,anonymous,18,18,0,18,216,1,0,100,10,0.8,0.0,0.0,5,0,0,3,0,2,2,0,0,0,1,1,0,1,0,0,1,0,19,631,40,10,23,0,3,142,28,61,7,44,5,0,0,0,88,-1,42
C:\Users\syuuj\jsoup\src\main\java\org\jsoup\parser\TokeniserState.java,org.jsoup.parser.TokeniserState$Anonymous37,anonymous,3,3,0,3,16,1,0,7,0,0.0,NaN,NaN,1,0,0,0,0,1,1,0,0,0,0,0,0,0,0,0,0,0,0,48,0,0,0,0,0,0,0,1,0,1,1,0,0,0,15,-1,3
C:\Users\syuuj\jsoup\src\main\java\org\jsoup\parser\HtmlTreeBuilderState.java,org.jsoup.parser.HtmlTreeBuilderState$Anonymous6,anonymous,9,9,0,9,14,1,0,25,1,0.0,NaN,NaN,2,0,0,1,0,1,1,0,0,0,0,0,0,0,0,0,0,0,3,65,5,0,0,0,0,6,0,4,0,4,2,0,0,0,23,-1,4
C:\Users\syuuj\jsoup\src\main\java\org\jsoup\parser\TokeniserState.java,org.jsoup.parser.TokeniserState$Anonymous38,anonymous,4,4,0,4,8,1,0,11,0,0.0,NaN,NaN,1,0,0,0,0,1,1,0,0,0,0,0,0,0,0,0,0,0,0,28,0,0,1,0,0,0,1,3,0,3,2,0,0,0,17,-1,1
C:\Users\syuuj\jsoup\src\main\java\org\jsoup\parser\HtmlTreeBuilderState.java,org.jsoup.parser.HtmlTreeBuilderState$Anonymous1,anonymous,9,9,0,9,5,1,0,19,0,0.0,NaN,NaN,1,0,0,0,0,1,1,0,0,0,0,0,0,0,0,0,0,0,1,24,3,0,0,0,0,0,0,2,0,2,2,0,0,0,15,-1,0
C:\Users\syuuj\jsoup\src\main\java\org\jsoup\parser\TokeniserState.java,org.jsoup.parser.TokeniserState$Anonymous31,anonymous,2,2,0,2,6,1,0,5,0,0.0,NaN,NaN,1,0,0,0,0,1,1,0,0,0,0,0,0,0,0,0,0,0,0,30,0,0,0,0,0,0,0,1,0,1,1,0,0,0,14,-1,1
C:\Users\syuuj\jsoup\src\test\java\org\jsoup\nodes\BuildEntities.java,org.jsoup.nodes.BuildEntities$ByName,innerclass,1,1,0,1,1,1,0,1,0,0.0,NaN,NaN,1,0,1,0,0,0,1,0,0,0,0,0,0,0,0,0,0,0,0,5,1,0,0,0,0,0,0,0,0,0,0,0,0,0,6,10,0
C:\Users\syuuj\jsoup\src\main\java\org\jsoup\parser\TokeniserState.java,org.jsoup.parser.TokeniserState$Anonymous32,anonymous,2,2,0,2,2,1,0,5,0,0.0,NaN,NaN,1,0,0,0,0,1,1,0,0,0,0,0,0,0,0,0,0,0,0,12,0,0,0,0,0,0,0,0,0,0,1,0,0,0,11,-1,0
C:\Users\syuuj\jsoup\src\test\java\org\jsoup\nodes\AttributeTest.java,org.jsoup.nodes.AttributeTest,class,8,8,0,8,9,1,0,27,36,0.0,0.0,0.0,9,0,8,0,0,1,9,0,0,0,0,0,0,0,0,0,0,0,10,69,0,0,0,0,0,44,2,18,2,17,1,0,0,2,61,1,0
C:\Users\syuuj\jsoup\src\main\java\org\jsoup\parser\HtmlTreeBuilderState.java,org.jsoup.parser.HtmlTreeBuilderState$Anonymous3,anonymous,7,7,0,7,11,1,0,21,0,0.0,NaN,NaN,1,0,0,0,0,1,1,0,0,0,0,0,0,0,0,0,0,0,2,35,6,0,0,0,1,4,0,1,0,1,1,0,0,0,17,-1,2
C:\Users\syuuj\jsoup\src\main\java\org\jsoup\parser\TokeniserState.java,org.jsoup.parser.TokeniserState$Anonymous33,anonymous,3,3,0,3,1,1,0,1,0,0.0,NaN,NaN,1,0,0,0,0,1,1,0,0,0,0,0,0,0,0,0,0,0,1,5,0,0,0,0,0,0,0,0,0,0,0,0,0,0,10,-1,0
C:\Users\syuuj\jsoup\src\main\java\org\jsoup\parser\HtmlTreeBuilderState.java,org.jsoup.parser.HtmlTreeBuilderState$Anonymous2,anonymous,6,6,0,6,10,1,0,20,1,0.0,NaN,NaN,2,0,0,1,0,1,1,0,0,0,0,0,0,0,0,0,0,0,2,34,6,0,0,0,1,2,0,0,0,0,1,0,0,0,17,-1,2
C:\Users\syuuj\jsoup\src\main\java\org\jsoup\parser\TokeniserState.java,org.jsoup.parser.TokeniserState$Anonymous34,anonymous,3,3,0,3,14,1,0,8,0,0.0,NaN,NaN,1,0,0,0,0,1,1,0,0,0,0,0,0,0,0,0,0,0,0,45,0,0,0,0,0,0,0,1,0,1,1,0,0,0,13,-1,3
C:\Users\syuuj\jsoup\src\test\java\org\jsoup\integration\servlets\BaseServlet.java,org.jsoup.integration.servlets.BaseServlet,class,4,13,9,4,5,2,8,1,10,1.0,0.0,0.0,5,0,0,0,5,0,5,1,0,0,1,1,0,0,0,1,1,0,0,16,0,0,0,0,0,1,0,1,0,1,0,0,0,0,20,1025,0
C:\Users\syuuj\jsoup\src\main\java9\org\jsoup\helper\RequestAuthHandler.java,org.jsoup.helper.RequestAuthHandler,class,3,3,0,3,4,1,0,1,6,0.0,0.0,0.0,4,0,4,0,0,0,4,0,0,0,0,0,0,0,0,0,0,0,0,13,1,0,0,0,0,0,0,1,0,1,0,0,0,0,24,0,0
C:\Users\syuuj\jsoup\src\test\java\org\jsoup\parser\CharacterReaderTest.java,org.jsoup.parser.CharacterReaderTest,class,5,6,1,5,42,1,0,42,459,0.9032258,0.006451613,0.006451613,31,1,29,0,0,2,31,0,0,0,1,1,1,0,0,0,1,0,3,416,1,11,0,0,0,153,75,65,4,64,1,0,0,0,126,1,0
C:\Users\syuuj\jsoup\src\main\java\org\jsoup\parser\HtmlTreeBuilderState.java,org.jsoup.parser.HtmlTreeBuilderState$Anonymous9,anonymous,10,10,0,10,29,1,0,38,1,0.0,0.0,0.0,2,0,0,0,0,2,2,0,0,0,0,0,0,0,0,0,0,0,5,121,20,0,1,0,1,15,0,4,0,4,4,0,0,0,25,-1,7
C:\Users\syuuj\jsoup\src\main\java\org\jsoup\parser\TokeniserState.java,org.jsoup.parser.TokeniserState$Anonymous39,anonymous,4,4,0,4,8,1,0,11,0,0.0,NaN,NaN,1,0,0,0,0,1,1,0,0,0,0,0,0,0,0,0,0,0,0,28,0,0,1,0,0,0,1,3,0,3,2,0,0,0,17,-1,1
C:\Users\syuuj\jsoup\src\main\java\org\jsoup\parser\HtmlTreeBuilderState.java,org.jsoup.parser.HtmlTreeBuilderState$Anonymous8,anonymous,2,2,0,2,4,1,0,10,0,0.0,NaN,NaN,1,0,0,0,0,1,1,0,0,0,0,0,0,0,0,0,0,0,0,18,2,0,0,0,0,0,0,0,0,0,1,0,0,0,8,-1,1
C:\Users\syuuj\jsoup\src\main\java\org\jsoup\nodes\Node.java,org.jsoup.nodes.Node,class,19,106,87,19,145,1,2,89,2104,0.8784722,0.060528558,0.080988914,72,1,48,3,15,6,69,10,3,0,4,2,0,0,0,4,2,0,42,423,69,13,39,1,8,8,31,67,8,56,3,0,1,1,382,1025,0
C:\Users\syuuj\jsoup\src\main\java\org\jsoup\safety\Safelist.java,org.jsoup.safety.Safelist$TypedValue,innerclass,2,2,0,2,9,1,0,4,0,0.0,1.0,1.0,4,0,3,0,0,1,4,0,0,0,1,0,0,1,0,0,1,0,1,26,7,0,6,0,2,0,3,5,2,4,1,0,0,0,18,1032,0
C:\Users\syuuj\jsoup\src\main\java\org\jsoup\helper\DataUtil.java,org.jsoup.helper.DataUtil$BomCharset,innerclass,0,0,0,0,1,1,0,0,0,0.0,NaN,NaN,1,0,1,0,0,0,1,0,0,0,2,0,0,2,0,0,2,0,0,8,0,0,0,0,0,0,0,2,0,2,0,0,0,0,4,10,0
C:\Users\syuuj\jsoup\src\main\java\org\jsoup\parser\HtmlTreeBuilderState.java,org.jsoup.parser.HtmlTreeBuilderState,enum,6,22,16,6,5,1,0,9,6,1.0,NaN,NaN,4,3,0,3,0,1,1,1,0,0,1,1,0,1,0,0,1,0,2,1848,2,0,0,0,0,0,0,2,0,2,1,24,1,0,119,0,0
C:\Users\syuuj\jsoup\src\test\java\org\jsoup\integration\SafelistExtensionTest.java,org.jsoup.integration.SafelistExtensionTest,class,5,5,0,5,1,2,0,4,0,0.0,NaN,NaN,1,0,1,0,0,0,1,0,0,0,0,0,0,0,0,0,0,0,5,24,0,0,0,0,0,3,0,5,0,5,0,0,1,0,23,1,0
C:\Users\syuuj\jsoup\src\main\java\org\jsoup\helper\AuthenticationHandler.java,org.jsoup.helper.AuthenticationHandler,class,6,10,4,6,9,2,0,8,1,0.5833334,0.0,0.0,3,0,1,0,0,2,4,0,1,0,4,2,0,0,0,4,1,0,1,53,4,0,2,1,0,1,2,9,0,8,1,0,2,0,55,0,0
C:\Users\syuuj\jsoup\src\main\java\org\jsoup\select\Evaluator.java,org.jsoup.select.Evaluator$AttributeStarting,innerclass,6,6,0,6,6,2,0,7,0,0.25,0.5,0.5,4,0,3,0,1,0,4,0,0,0,1,0,0,1,0,0,1,0,4,20,4,1,0,0,0,1,1,2,0,2,2,0,0,0,20,25,0
C:\Users\syuuj\jsoup\src\main\java\org\jsoup\parser\TokeniserState.java,org.jsoup.parser.TokeniserState$Anonymous40,anonymous,4,4,0,4,18,1,0,11,0,0.0,NaN,NaN,1,0,0,0,0,1,1,0,0,0,0,0,0,0,0,0,0,0,0,43,0,0,1,0,0,0,1,3,0,3,2,0,0,0,18,-1,2
C:\Users\syuuj\jsoup\src\main\java\org\jsoup\nodes\DataNode.java,org.jsoup.nodes.DataNode,class,4,14,10,4,9,3,0,7,28,0.0,0.0,0.0,8,0,6,0,0,2,8,0,0,0,0,0,0,0,0,0,0,0,0,31,5,0,1,0,0,3,0,1,0,0,1,0,0,0,50,1,0
C:\Users\syuuj\jsoup\src\main\java\org\jsoup\parser\TokeniserState.java,org.jsoup.parser.TokeniserState$Anonymous41,anonymous,2,2,0,2,9,1,0,6,0,0.0,NaN,NaN,1,0,0,0,0,1,1,0,0,0,0,0,0,0,0,0,0,0,0,29,0,0,0,0,0,0,0,1,0,1,1,0,0,0,14,-1,1
C:\Users\syuuj\jsoup\src\test\java\org\jsoup\select\SelectorTest.java,org.jsoup.select.SelectorTest,class,15,16,1,15,98,1,0,49,4520,0.9479167,0.002631579,0.002631579,96,2,91,0,0,5,96,0,0,0,2,0,0,2,0,0,2,0,150,898,0,2,0,0,0,569,223,324,5,315,1,0,0,0,342,1,0
C:\Users\syuuj\jsoup\src\main\java\org\jsoup\nodes\Attributes.java,org.jsoup.nodes.Attributes,class,12,48,36,12,100,2,0,44,173,0.80701756,0.35887095,0.5564516,38,3,25,6,0,7,32,0,1,0,9,6,0,4,1,4,6,0,27,315,40,9,29,2,3,4,26,65,13,45,3,1,1,0,221,1,0
C:\Users\syuuj\jsoup\src\test\java\org\jsoup\integration\servlets\AuthFilter.java,org.jsoup.integration.servlets.AuthFilter,class,8,14,6,8,17,1,0,15,18,0.8020833,0.23809524,0.47619048,8,3,7,1,0,0,7,0,0,0,12,8,6,6,0,0,10,0,6,66,7,0,2,0,2,19,2,22,8,20,3,0,0,0,78,1,0
C:\Users\syuuj\jsoup\src\main\java\org\jsoup\helper\W3CDom.java,org.jsoup.helper.W3CDom,class,19,23,4,19,39,1,0,57,135,0.8888889,0.05147059,0.11029412,18,6,16,1,0,1,17,0,0,0,6,4,2,3,1,0,4,0,21,236,15,1,7,4,2,12,1,35,0,32,4,0,1,0,201,1,0
C:\Users\syuuj\jsoup\src\test\java\org\jsoup\parser\TokenQueueTest.java,org.jsoup.parser.TokenQueueTest,class,8,9,1,8,16,1,0,25,105,0.0,0.0,0.0,15,1,14,1,0,0,14,0,0,0,0,0,0,0,0,0,0,0,13,103,0,0,0,1,0,68,6,24,3,21,1,0,0,0,78,1,0
C:\Users\syuuj\jsoup\src\test\java\org\jsoup\integration\servlets\InterruptedServlet.java,org.jsoup.integration.servlets.InterruptedServlet,class,6,7,1,6,5,3,0,12,0,0.5,0.0,0.0,1,0,0,0,1,0,2,0,0,0,4,4,4,0,0,0,4,0,1,27,0,1,1,0,0,6,2,10,2,9,1,0,0,0,32,1,0
C:\Users\syuuj\jsoup\src\main\java\org\jsoup\parser\XmlTreeBuilder.java,org.jsoup.parser.XmlTreeBuilder,class,24,28,4,24,34,2,0,50,120,0.9375,0.0,0.0,16,0,1,0,5,10,16,0,0,0,1,1,0,1,0,0,1,0,1,116,10,2,3,0,0,1,6,18,5,16,2,0,0,0,103,1,0
C:\Users\syuuj\jsoup\src\test\java\org\jsoup\select\XpathTest.java,org.jsoup.select.XpathTest,class,12,12,0,12,19,2,0,38,105,0.0,0.0,0.0,15,1,9,1,0,5,14,0,0,0,0,0,0,0,0,0,0,0,22,171,1,0,0,2,0,81,38,51,1,48,1,0,1,0,104,1,0
C:\Users\syuuj\jsoup\src\test\java\org\jsoup\parser\TokeniserStateTest.java,org.jsoup.parser.TokeniserStateTest,class,13,13,0,13,33,1,0,26,190,0.8095238,0.04761905,0.04761905,21,0,21,0,0,0,21,0,0,0,2,0,0,0,0,2,2,0,55,187,0,12,0,0,0,80,24,77,10,61,3,0,0,0,128,1,0
C:\Users\syuuj\jsoup\src\main\java\org\jsoup\nodes\Document.java,org.jsoup.nodes.Document$OutputSettings,innerclass,5,5,0,5,24,1,0,14,117,0.865497,0.15789473,0.34502923,19,0,17,0,0,2,19,0,0,0,9,0,0,8,0,1,1,0,5,93,18,0,2,1,0,0,4,19,0,12,1,0,1,0,157,9,0
C:\Users\syuuj\jsoup\src\main\java\org\jsoup\select\CombiningEvaluator.java,org.jsoup.select.CombiningEvaluator,class,3,7,4,3,10,6,4,9,0,0.6,0.7619048,1.0,7,0,0,0,2,5,7,0,0,0,5,1,0,1,0,4,3,0,1,89,2,2,0,0,0,0,6,8,3,7,1,0,2,1,20,1025,0
C:\Users\syuuj\jsoup\src\main\java\org\jsoup\select\Evaluator.java,org.jsoup.select.Evaluator$ContainsData,innerclass,3,3,0,3,3,2,0,4,0,0.0,1.0,1.0,3,0,3,0,0,0,3,0,0,0,1,0,0,1,0,0,1,0,3,12,2,0,0,0,0,1,0,1,0,1,0,0,0,0,17,25,0
C:\Users\syuuj\jsoup\src\main\java\org\jsoup\internal\Normalizer.java,org.jsoup.internal.Normalizer,class,1,21,20,1,5,1,0,4,3,0.0,0.0,0.0,3,3,3,0,0,0,3,0,0,0,0,0,0,0,0,0,0,0,3,11,3,0,1,0,0,1,0,0,0,0,0,0,0,0,30,17,0
C:\Users\syuuj\jsoup\src\main\java\org\jsoup\nodes\Attributes.java,org.jsoup.nodes.Attributes$Dataset$EntrySet,innerclass,1,1,0,1,3,3,0,1,1,0.0,0.0,0.0,2,0,2,0,0,0,2,0,0,0,0,0,0,0,0,0,0,0,0,11,2,1,0,0,0,0,1,2,0,2,1,0,0,0,8,2,0
C:\Users\syuuj\jsoup\src\main\java\org\jsoup\nodes\Attributes.java,org.jsoup.nodes.Attributes$Dataset,innerclass,2,2,0,2,4,4,0,4,1,0.33333334,0.0,0.0,3,0,2,1,0,0,2,0,0,0,1,0,0,1,0,0,1,0,1,43,2,0,0,0,0,0,0,3,0,3,0,0,2,0,14,10,0
C:\Users\syuuj\jsoup\src\main\java\org\jsoup\parser\TokeniserState.java,org.jsoup.parser.TokeniserState$Anonymous13,anonymous,4,4,0,4,13,1,0,12,1,0.0,NaN,NaN,2,0,0,1,0,1,1,0,0,0,0,0,0,0,0,0,0,0,0,40,1,0,0,0,0,1,0,2,0,2,2,0,0,0,18,-1,0
C:\Users\syuuj\jsoup\src\main\java\org\jsoup\parser\TokeniserState.java,org.jsoup.parser.TokeniserState$Anonymous14,anonymous,2,2,0,2,2,1,0,5,0,0.0,NaN,NaN,1,0,0,0,0,1,1,0,0,0,0,0,0,0,0,0,0,0,0,12,0,0,0,0,0,0,0,0,0,0,1,0,0,0,9,-1,0
C:\Users\syuuj\jsoup\src\main\java\org\jsoup\helper\Validate.java,org.jsoup.helper.Validate,class,3,50,47,3,36,1,0,4,171,0.0,0.0,0.0,19,18,17,1,0,1,18,0,0,0,0,0,0,0,0,0,0,0,6,61,3,1,12,0,0,8,3,0,0,0,2,0,0,0,95,17,0
C:\Users\syuuj\jsoup\src\main\java\org\jsoup\parser\TokeniserState.java,org.jsoup.parser.TokeniserState$Anonymous15,anonymous,3,3,0,3,1,1,0,1,0,0.0,NaN,NaN,1,0,0,0,0,1,1,0,0,0,0,0,0,0,0,0,0,0,1,5,0,0,0,0,0,0,0,0,0,0,0,0,0,0,7,-1,0
C:\Users\syuuj\jsoup\src\main\java\org\jsoup\parser\TokeniserState.java,org.jsoup.parser.TokeniserState$Anonymous16,anonymous,3,3,0,3,1,1,0,1,0,0.0,NaN,NaN,1,0,0,0,0,1,1,0,0,0,0,0,0,0,0,0,0,0,1,5,0,0,0,0,0,0,0,0,0,0,0,0,0,0,9,-1,0
C:\Users\syuuj\jsoup\src\main\java\org\jsoup\select\StructuralEvaluator.java,org.jsoup.select.StructuralEvaluator$ImmediateParentRun,innerclass,3,3,0,3,9,2,0,7,0,0.3,0.8,1.0,5,0,3,0,1,1,5,0,0,0,2,0,0,0,0,2,1,0,1,28,6,1,2,0,0,1,3,7,1,4,2,0,0,0,43,8,0
C:\Users\syuuj\jsoup\src\main\java\org\jsoup\parser\TokeniserState.java,org.jsoup.parser.TokeniserState$Anonymous10,anonymous,3,3,0,3,11,1,0,9,0,0.0,NaN,NaN,1,0,0,0,0,1,1,0,0,0,0,0,0,0,0,0,0,0,0,35,0,0,0,0,0,0,0,2,0,2,1,0,0,0,17,-1,1
C:\Users\syuuj\jsoup\src\main\java\org\jsoup\parser\TokeniserState.java,org.jsoup.parser.TokeniserState$Anonymous11,anonymous,3,3,0,3,6,1,0,13,0,0.0,NaN,NaN,1,0,0,0,0,1,1,0,0,0,0,0,0,0,0,0,0,0,0,17,0,0,1,0,0,1,0,1,0,0,1,0,0,0,16,-1,0
C:\Users\syuuj\jsoup\src\main\java\org\jsoup\parser\TokeniserState.java,org.jsoup.parser.TokeniserState$Anonymous12,anonymous,3,3,0,3,2,1,0,8,0,0.0,NaN,NaN,1,0,0,0,0,1,1,0,0,0,0,0,0,0,0,0,0,0,0,14,0,0,0,0,0,1,0,0,0,0,1,0,0,0,15,-1,0
C:\Users\syuuj\jsoup\src\main\java\org\jsoup\select\StructuralEvaluator.java,org.jsoup.select.StructuralEvaluator$Is,innerclass,3,3,0,3,4,3,0,3,6,0.0,0.0,0.0,4,0,3,0,1,0,4,0,0,0,0,0,0,0,0,0,0,0,1,14,3,0,0,0,0,1,1,0,1,0,0,0,0,0,16,8,0
C:\Users\syuuj\jsoup\src\test\java\org\jsoup\integration\servlets\DeflateServlet.java,org.jsoup.integration.servlets.DeflateServlet,class,6,7,1,6,3,3,0,10,1,0.75,0.0,0.0,2,1,1,0,1,0,3,0,0,0,2,2,2,0,0,0,2,0,2,22,0,0,0,0,0,3,0,5,0,5,0,0,0,0,28,1,0
C:\Users\syuuj\jsoup\src\main\java\org\jsoup\parser\TokeniserState.java,org.jsoup.parser.TokeniserState$Anonymous17,anonymous,2,2,0,2,4,1,0,6,0,0.0,NaN,NaN,1,0,0,0,0,1,1,0,0,0,0,0,0,0,0,0,0,0,0,23,0,0,0,0,0,3,0,0,0,0,1,0,0,0,12,-1,0
C:\Users\syuuj\jsoup\src\main\java\org\jsoup\parser\TokeniserState.java,org.jsoup.parser.TokeniserState$Anonymous18,anonymous,3,3,0,3,1,1,0,1,0,0.0,NaN,NaN,1,0,0,0,0,1,1,0,0,0,0,0,0,0,0,0,0,0,1,5,0,0,0,0,0,0,0,0,0,0,0,0,0,0,7,-1,0
C:\Users\syuuj\jsoup\src\test\java\org\jsoup\integration\ProxyTest.java,org.jsoup.integration.ProxyTest,class,17,18,1,17,13,1,0,37,6,0.5555556,1.0,1.0,9,4,1,3,0,5,6,0,0,0,2,2,0,2,0,0,0,0,21,102,6,0,0,2,0,24,6,27,1,30,2,0,0,3,61,1,0
C:\Users\syuuj\jsoup\src\main\java\org\jsoup\parser\TokeniserState.java,org.jsoup.parser.TokeniserState$Anonymous19,anonymous,3,3,0,3,1,1,0,1,0,0.0,NaN,NaN,1,0,0,0,0,1,1,0,0,0,0,0,0,0,0,0,0,0,1,5,0,0,0,0,0,0,0,0,0,0,0,0,0,0,9,-1,0
C:\Users\syuuj\jsoup\src\test\java\org\jsoup\select\XpathTest.java,org.jsoup.select.XpathTest$AlternateXpathFactory,innerclass,0,0,0,0,7,2,0,0,21,0.0,0.0,0.0,7,0,7,0,0,0,7,0,0,0,0,0,0,0,0,0,0,0,0,20,2,0,0,0,0,1,0,0,0,0,0,0,0,0,27,9,0
C:\Users\syuuj\jsoup\src\main\java\org\jsoup\select\Evaluator.java,org.jsoup.select.Evaluator$CssNthEvaluator,innerclass,4,4,0,4,13,2,0,4,3,0.4166667,0.4,0.4,6,0,4,0,2,0,6,2,0,0,1,0,0,0,1,0,1,0,3,24,6,0,6,0,3,3,6,4,4,4,1,0,0,0,21,1033,0
C:\Users\syuuj\jsoup\src\test\java\org\jsoup\select\TraversorTest.java,org.jsoup.select.TraversorTest$Anonymous5,anonymous,2,2,0,2,3,1,0,3,1,0.0,0.0,0.0,2,0,2,0,0,0,2,0,0,0,0,0,0,0,0,0,0,0,0,10,2,0,0,0,1,5,0,0,0,0,0,0,0,0,6,-1,0
C:\Users\syuuj\jsoup\src\main\java\org\jsoup\parser\Token.java,org.jsoup.parser.Token$Comment,innerclass,2,2,0,2,10,2,0,8,1,0.52380955,0.4,0.4,7,0,1,1,0,5,6,0,2,0,3,0,0,2,0,1,1,0,1,42,5,0,3,0,0,2,1,7,1,3,1,0,0,0,16,24,0
C:\Users\syuuj\jsoup\src\test\java\org\jsoup\select\TraversorTest.java,org.jsoup.select.TraversorTest$Anonymous4,anonymous,2,2,0,2,4,1,0,2,1,0.0,0.0,0.0,2,0,2,0,0,0,2,0,0,0,0,0,0,0,0,0,0,0,0,8,2,0,0,0,2,2,0,0,0,0,0,0,0,0,6,-1,0
C:\Users\syuuj\jsoup\src\test\java\org\jsoup\select\TraversorTest.java,org.jsoup.select.TraversorTest$Anonymous3,anonymous,2,2,0,2,3,1,0,3,1,0.0,0.0,0.0,2,0,2,0,0,0,2,0,0,0,0,0,0,0,0,0,0,0,0,11,3,0,0,0,0,5,0,0,0,0,1,0,0,0,6,-1,0
C:\Users\syuuj\jsoup\src\test\java\org\jsoup\select\TraversorTest.java,org.jsoup.select.TraversorTest$Anonymous2,anonymous,2,2,0,2,3,1,0,3,1,0.0,0.0,0.0,2,0,2,0,0,0,2,0,0,0,0,0,0,0,0,0,0,0,0,10,2,0,0,0,1,5,0,0,0,0,0,0,0,0,6,-1,0
C:\Users\syuuj\jsoup\src\test\java\org\jsoup\integration\servlets\SlowRider.java,org.jsoup.integration.servlets.SlowRider,class,6,7,1,6,11,3,0,14,3,0.75000006,0.0,0.0,3,2,1,1,1,0,3,0,0,0,4,4,3,1,0,0,4,0,8,50,2,1,1,1,0,5,4,11,1,10,2,0,0,0,54,1,0
C:\Users\syuuj\jsoup\src\test\java\org\jsoup\select\TraversorTest.java,org.jsoup.select.TraversorTest$Anonymous1,anonymous,2,2,0,2,2,1,0,2,1,0.0,0.0,0.0,2,0,2,0,0,0,2,0,0,0,0,0,0,0,0,0,0,0,0,10,2,0,0,0,0,4,0,0,0,0,0,0,0,0,6,-1,0
C:\Users\syuuj\jsoup\src\main\java\org\jsoup\select\Evaluator.java,org.jsoup.select.Evaluator$IsFirstOfType,innerclass,1,1,0,1,2,4,0,0,1,0.0,0.0,0.0,2,0,2,0,0,0,2,0,0,0,0,0,0,0,0,0,0,0,0,8,1,0,0,0,0,1,2,0,0,0,0,0,0,0,8,25,0
C:\Users\syuuj\jsoup\src\test\java\org\jsoup\integration\servlets\ProxyServlet.java,org.jsoup.integration.servlets.ProxyServlet,class,14,16,2,14,3,3,0,9,1,0.75,0.0,0.0,2,1,1,0,1,0,3,0,0,0,2,2,2,0,0,0,0,0,2,36,1,0,0,0,0,8,0,6,0,6,0,0,1,0,25,1,0
C:\Users\syuuj\jsoup\src\main\java\org\jsoup\nodes\Element.java,org.jsoup.nodes.Element$NodeList,innerclass,3,3,0,3,2,5,0,1,0,0.0,1.0,1.0,2,0,1,0,0,1,2,0,0,0,1,0,0,1,0,0,1,0,0,10,0,0,0,0,0,0,0,1,0,1,0,0,0,0,9,26,0
C:\Users\syuuj\jsoup\src\main\java\org\jsoup\examples\Wikipedia.java,org.jsoup.examples.Wikipedia,class,7,8,1,7,3,1,0,9,1,0.0,NaN,NaN,2,2,1,1,0,0,1,0,0,0,0,0,0,0,0,0,0,0,4,13,0,1,0,0,0,5,0,2,0,2,1,0,0,0,23,1,0
C:\Users\syuuj\jsoup\src\main\java\org\jsoup\parser\ParseError.java,org.jsoup.parser.ParseError,class,1,7,6,1,8,1,0,4,0,0.29166666,0.85714287,1.0,8,0,4,0,0,4,8,0,0,0,3,0,0,3,0,0,0,0,4,37,4,0,0,0,0,2,0,12,1,3,0,0,0,0,42,1,0
C:\Users\syuuj\jsoup\src\main\java\org\jsoup\safety\Safelist.java,org.jsoup.safety.Safelist,class,12,21,9,12,62,5,2,82,76,0.72222227,0.3508772,0.53216374,21,5,19,2,0,0,19,0,0,0,6,1,0,6,0,0,5,0,51,318,24,13,3,0,0,180,3,51,0,45,3,0,5,0,284,1,0
C:\Users\syuuj\jsoup\src\main\java\org\jsoup\parser\TokeniserState.java,org.jsoup.parser.TokeniserState$Anonymous64,anonymous,2,2,0,2,5,1,0,6,0,0.0,NaN,NaN,1,0,0,0,0,1,1,0,0,0,0,0,0,0,0,0,0,0,0,28,0,0,0,0,0,0,0,3,0,1,1,0,0,0,14,-1,2
C:\Users\syuuj\jsoup\src\main\java\org\jsoup\parser\TokeniserState.java,org.jsoup.parser.TokeniserState$Anonymous65,anonymous,2,2,0,2,8,1,0,5,0,0.0,NaN,NaN,1,0,0,0,0,1,1,0,0,0,0,0,0,0,0,0,0,0,0,26,0,0,0,0,0,0,0,2,0,1,1,0,0,0,10,-1,1
C:\Users\syuuj\jsoup\src\main\java\org\jsoup\parser\TokeniserState.java,org.jsoup.parser.TokeniserState$Anonymous66,anonymous,2,2,0,2,3,1,0,3,0,0.0,NaN,NaN,1,0,0,0,0,1,1,0,0,0,0,0,0,0,0,0,0,0,0,17,0,0,0,0,0,0,0,1,0,1,1,0,0,0,7,-1,0
C:\Users\syuuj\jsoup\src\main\java\org\jsoup\parser\TreeBuilder.java,org.jsoup.parser.TreeBuilder,class,22,45,23,22,38,1,2,40,163,0.8522727,0.12857144,0.37142858,22,0,1,1,16,4,21,4,0,0,12,0,0,3,7,2,0,0,4,133,18,1,11,0,0,2,5,32,1,28,2,0,0,0,158,1024,0
C:\Users\syuuj\jsoup\src\main\java\org\jsoup\parser\TokeniserState.java,org.jsoup.parser.TokeniserState$Anonymous67,anonymous,3,3,0,3,3,1,0,7,0,0.0,NaN,NaN,1,0,0,0,0,1,1,0,0,0,0,0,0,0,0,0,0,0,0,10,0,0,0,0,0,2,0,1,0,1,1,0,0,0,7,-1,0
C:\Users\syuuj\jsoup\src\main\java\org\jsoup\nodes\PseudoTextElement.java,org.jsoup.nodes.PseudoTextElement,class,4,5,1,4,3,3,0,0,3,0.0,0.0,0.0,3,0,1,0,0,2,3,0,0,0,0,0,0,0,0,0,0,0,0,9,0,0,0,0,0,0,0,0,0,0,0,0,0,0,25,1,0
C:\Users\syuuj\jsoup\src\main\java\org\jsoup\parser\TokeniserState.java,org.jsoup.parser.TokeniserState$Anonymous1,anonymous,3,3,0,3,6,1,0,8,0,0.0,NaN,NaN,1,0,0,0,0,1,1,0,0,0,0,0,0,0,0,0,0,0,0,23,0,0,0,0,0,0,0,1,0,1,1,0,0,0,11,-1,1
C:\Users\syuuj\jsoup\src\test\java\org\jsoup\integration\servlets\CookieServlet.java,org.jsoup.integration.servlets.CookieServlet,class,8,9,1,8,7,3,0,16,1,0.75,0.0,0.0,2,0,0,1,1,0,2,0,0,0,4,4,4,0,0,0,4,0,2,43,1,1,3,0,0,14,1,11,0,11,2,0,0,0,34,1,0
C:\Users\syuuj\jsoup\src\test\java\org\jsoup\nodes\CommentTest.java,org.jsoup.nodes.CommentTest,class,8,8,0,8,8,1,0,21,6,0.5625,0.39285713,0.53571427,8,0,7,0,0,1,8,0,0,0,2,0,0,2,0,0,0,0,5,51,0,0,0,0,0,20,1,14,1,13,0,0,0,0,51,1,0
C:\Users\syuuj\jsoup\src\main\java\org\jsoup\parser\Parser.java,org.jsoup.parser.Parser,class,11,54,43,11,29,1,0,19,150,0.88,0.09057971,0.20289855,25,8,24,1,0,0,24,0,0,0,8,4,4,4,0,0,4,0,6,112,23,2,0,0,0,4,5,29,1,19,1,0,0,0,207,1,0
C:\Users\syuuj\jsoup\src\main\java\org\jsoup\select\Evaluator.java,org.jsoup.select.Evaluator$IsEmpty,innerclass,7,7,0,7,7,2,0,2,1,0.0,0.0,0.0,2,0,2,0,0,0,2,0,0,0,0,0,0,0,0,0,0,0,0,13,4,1,0,0,2,1,0,1,0,1,2,0,0,0,19,25,0
C:\Users\syuuj\jsoup\src\test\java\org\jsoup\integration\FuzzFixesTest.java,org.jsoup.integration.FuzzFixesTest,class,6,6,0,6,6,1,0,9,10,0.0,0.0,0.0,5,1,2,1,0,2,4,0,0,0,0,0,0,0,0,0,0,0,7,28,1,0,0,0,0,9,1,8,0,8,0,0,0,0,45,1,0
C:\Users\syuuj\jsoup\src\test\java\org\jsoup\integration\SessionTest.java,org.jsoup.integration.SessionTest,class,12,13,1,12,8,1,0,31,28,0.0,0.0,0.0,8,3,4,4,0,0,4,0,0,0,0,0,0,0,0,0,0,0,12,71,2,0,0,0,0,27,11,25,2,25,0,0,0,0,49,1,0
C:\Users\syuuj\jsoup\src\main\java\org\jsoup\parser\TokeniserState.java,org.jsoup.parser.TokeniserState$Anonymous7,anonymous,3,3,0,3,3,1,0,7,0,0.0,NaN,NaN,1,0,0,0,0,1,1,0,0,0,0,0,0,0,0,0,0,0,0,18,0,0,0,0,0,0,0,1,0,1,1,0,0,0,9,-1,1
C:\Users\syuuj\jsoup\src\main\java\org\jsoup\parser\TokeniserState.java,org.jsoup.parser.TokeniserState$Anonymous6,anonymous,3,3,0,3,1,1,0,1,0,0.0,NaN,NaN,1,0,0,0,0,1,1,0,0,0,0,0,0,0,0,0,0,0,1,5,0,0,0,0,0,0,0,0,0,0,0,0,0,0,7,-1,0
C:\Users\syuuj\jsoup\src\main\java\org\jsoup\parser\TokeniserState.java,org.jsoup.parser.TokeniserState$Anonymous9,anonymous,3,3,0,3,4,1,0,11,0,0.0,NaN,NaN,1,0,0,0,0,1,1,0,0,0,0,0,0,0,0,0,0,0,0,23,0,0,0,0,0,1,0,0,0,0,1,0,0,0,11,-1,2
C:\Users\syuuj\jsoup\src\main\java\org\jsoup\select\Evaluator.java,org.jsoup.select.Evaluator$AttributeWithValueMatching,innerclass,4,4,0,4,4,2,0,7,0,0.25,0.5,0.5,4,0,3,0,1,0,4,0,0,0,2,0,0,0,0,2,0,0,2,17,3,0,0,0,0,1,1,2,0,2,0,0,0,0,20,25,0
C:\Users\syuuj\jsoup\src\main\java\org\jsoup\parser\TokeniserState.java,org.jsoup.parser.TokeniserState$Anonymous8,anonymous,2,2,0,2,5,1,0,8,0,0.0,NaN,NaN,1,0,0,0,0,1,1,0,0,0,0,0,0,0,0,0,0,0,0,27,0,0,0,0,0,0,0,0,0,0,2,0,0,0,15,-1,1
C:\Users\syuuj\jsoup\src\main\java\org\jsoup\nodes\Range.java,org.jsoup.nodes.Range$Position,innerclass,1,1,0,1,15,1,0,1,0,0.375,0.64285713,0.75,8,0,8,0,0,0,8,0,0,0,1,0,0,1,0,0,1,0,0,37,11,0,7,0,0,2,2,7,5,5,1,0,0,0,83,9,0
C:\Users\syuuj\jsoup\src\main\java\org\jsoup\parser\TokeniserState.java,org.jsoup.parser.TokeniserState$Anonymous3,anonymous,3,3,0,3,6,1,0,8,0,0.0,NaN,NaN,1,0,0,0,0,1,1,0,0,0,0,0,0,0,0,0,0,0,0,24,0,0,0,0,0,0,0,1,0,1,1,0,0,0,13,-1,1
C:\Users\syuuj\jsoup\src\main\java\org\jsoup\parser\TokeniserState.java,org.jsoup.parser.TokeniserState$Anonymous2,anonymous,3,3,0,3,1,1,0,1,0,0.0,NaN,NaN,1,0,0,0,0,1,1,0,0,0,0,0,0,0,0,0,0,0,1,5,0,0,0,0,0,0,0,0,0,0,0,0,0,0,7,-1,0
C:\Users\syuuj\jsoup\src\main\java\org\jsoup\parser\TokeniserState.java,org.jsoup.parser.TokeniserState$Anonymous5,anonymous,3,3,0,3,1,1,0,1,0,0.0,NaN,NaN,1,0,0,0,0,1,1,0,0,0,0,0,0,0,0,0,0,0,1,5,0,0,0,0,0,0,0,0,0,0,0,0,0,0,7,-1,0
C:\Users\syuuj\jsoup\src\main\java\org\jsoup\parser\TokeniserState.java,org.jsoup.parser.TokeniserState$Anonymous4,anonymous,3,3,0,3,1,1,0,1,0,0.0,NaN,NaN,1,0,0,0,0,1,1,0,0,0,0,0,0,0,0,0,0,0,1,5,0,0,0,0,0,0,0,0,0,0,0,0,0,0,7,-1,0
C:\Users\syuuj\jsoup\src\main\java\org\jsoup\examples\ListLinks.java,org.jsoup.examples.ListLinks,class,8,9,1,8,9,1,0,16,3,0.0,NaN,NaN,3,3,1,2,0,0,1,0,0,0,0,0,0,0,0,0,0,0,13,31,2,3,1,0,0,22,6,5,2,5,2,0,0,0,28,1,0
C:\Users\syuuj\jsoup\src\main\java\org\jsoup\select\Evaluator.java,org.jsoup.select.Evaluator$IsNthChild,innerclass,2,2,0,2,3,3,0,1,3,0.0,0.0,0.0,3,0,1,0,2,0,3,0,0,0,0,0,0,0,0,0,0,0,0,11,2,0,0,0,0,1,1,0,1,0,0,0,0,0,18,25,0
C:\Users\syuuj\jsoup\src\test\java\org\jsoup\nodes\LeafNodeTest.java,org.jsoup.nodes.LeafNodeTest,class,10,11,1,10,2,1,0,17,1,0.0,NaN,NaN,2,0,1,1,0,0,1,0,0,0,0,0,0,0,0,0,0,0,1,50,1,0,0,0,0,9,4,10,0,9,0,1,0,0,31,1,0
C:\Users\syuuj\jsoup\src\main\java\org\jsoup\parser\HtmlTreeBuilderState.java,org.jsoup.parser.HtmlTreeBuilderState$Constants,innerclass,0,0,0,0,0,1,0,0,0,NaN,-1.0,-1.0,0,0,0,0,0,0,0,0,0,0,40,40,0,0,0,40,40,0,0,42,0,0,0,0,0,307,0,40,0,40,0,0,0,0,47,24,0
C:\Users\syuuj\jsoup\src\main\java\org\jsoup\safety\Safelist.java,org.jsoup.safety.Safelist$TagName,innerclass,2,2,0,2,2,2,0,0,1,0.0,0.0,0.0,2,1,0,0,0,2,2,0,0,0,0,0,0,0,0,0,0,0,0,8,1,0,0,0,0,0,0,0,0,0,0,0,0,0,6,8,0
C:\Users\syuuj\jsoup\src\test\java\org\jsoup\integration\TestServer.java,org.jsoup.integration.TestServer$ProxySettings,innerclass,0,0,0,0,0,1,0,0,0,NaN,-1.0,-1.0,0,0,0,0,0,0,0,0,0,0,3,0,0,0,0,3,1,0,0,5,0,0,0,0,0,0,0,1,0,3,0,0,0,0,7,9,0
C:\Users\syuuj\jsoup\src\main\java\org\jsoup\helper\AuthenticationHandler.java,org.jsoup.helper.AuthenticationHandler$AuthShim,interface,3,3,0,3,3,1,0,0,3,0.0,0.0,0.0,3,0,0,0,0,3,3,0,0,0,0,0,0,0,0,0,0,0,0,5,0,0,0,0,0,0,0,0,0,0,0,0,0,0,16,0,0
C:\Users\syuuj\jsoup\src\main\java\org\jsoup\select\Evaluator.java,org.jsoup.select.Evaluator$Class,innerclass,2,2,0,2,4,2,0,2,0,0.25,0.5,0.5,4,0,3,0,1,0,4,0,0,0,1,0,0,1,0,0,1,0,1,15,3,0,0,0,1,1,1,1,0,1,0,0,0,0,10,25,0
C:\Users\syuuj\jsoup\src\main\java\org\jsoup\nodes\Attributes.java,org.jsoup.nodes.Attributes$Anonymous1,anonymous,3,3,0,3,8,1,0,3,0,0.375,1.0,1.0,4,0,3,1,0,0,3,0,0,0,2,0,0,0,0,2,0,0,0,25,2,1,1,0,0,1,1,3,0,3,2,0,0,0,21,-1,0
C:\Users\syuuj\jsoup\src\test\java\org\jsoup\nodes\DocumentTest.java,org.jsoup.nodes.DocumentTest,class,15,16,1,15,42,1,0,81,709,0.8974359,0.024024025,0.024024025,39,0,34,2,0,3,37,0,0,0,2,2,0,2,0,0,2,0,48,359,2,1,0,1,0,263,15,115,19,112,1,0,0,1,204,1,0
C:\Users\syuuj\jsoup\src\main\java\org\jsoup\select\StructuralEvaluator.java,org.jsoup.select.StructuralEvaluator$Has,innerclass,5,5,0,5,7,3,0,5,4,0.5,0.16666667,0.16666667,4,0,3,0,1,0,4,0,0,0,1,0,0,0,0,1,1,0,1,23,4,1,1,0,0,1,2,4,1,4,3,0,0,0,18,8,0
C:\Users\syuuj\jsoup\src\main\java\org\jsoup\nodes\Node.java,org.jsoup.nodes.Node$OuterHtmlVisitor,innerclass,4,4,0,4,6,1,0,5,0,0.0,1.0,1.0,3,0,2,0,0,1,3,0,0,0,2,0,0,2,0,0,2,0,0,27,0,0,0,2,0,1,0,2,0,2,2,0,0,0,15,10,0
C:\Users\syuuj\jsoup\src\main\java\org\jsoup\parser\Token.java,org.jsoup.parser.Token,class,9,44,35,9,27,12,10,4,148,0.8375,0.12280702,0.14619882,20,1,0,1,0,19,19,0,12,0,3,1,0,1,0,2,1,0,0,375,16,0,7,0,0,0,2,6,0,4,1,0,9,0,47,1024,0
C:\Users\syuuj\jsoup\src\main\java\org\jsoup\safety\Cleaner.java,org.jsoup.safety.Cleaner$CleaningVisitor,innerclass,8,8,0,8,11,1,0,9,0,0.33333334,1.0,1.0,3,0,2,1,0,0,2,0,0,0,3,0,0,3,0,0,1,0,0,42,0,0,1,0,0,0,1,13,0,10,2,0,0,0,30,18,0
C:\Users\syuuj\jsoup\src\main\java\org\jsoup\select\Evaluator.java,org.jsoup.select.Evaluator$AttributeKeyPair,innerclass,3,3,0,3,4,2,0,7,0,0.0,1.0,1.0,2,0,2,0,0,0,2,0,0,0,2,0,0,0,0,2,0,0,5,17,0,0,0,0,0,4,2,4,1,3,1,0,0,0,17,1033,0
C:\Users\syuuj\jsoup\src\main\java\org\jsoup\select\Evaluator.java,org.jsoup.select.Evaluator$ContainsWholeOwnText,innerclass,2,2,0,2,3,2,0,3,0,0.0,1.0,1.0,3,0,3,0,0,0,3,0,0,0,1,0,0,1,0,0,1,0,1,12,2,0,0,0,0,1,0,1,0,1,0,0,0,0,23,25,0
C:\Users\syuuj\jsoup\src\test\java\org\jsoup\integration\ParseTest.java,org.jsoup.integration.ParseTest,class,11,22,11,11,14,1,0,37,55,0.0,0.0,0.0,11,3,11,0,0,0,11,0,0,0,0,0,0,0,0,0,0,0,25,90,3,0,1,1,0,49,4,34,1,29,1,0,0,0,107,1,0
C:\Users\syuuj\jsoup\src\main\java\org\jsoup\select\Evaluator.java,org.jsoup.select.Evaluator$IsNthLastOfType,innerclass,2,2,0,2,6,3,0,4,3,0.0,0.0,0.0,3,0,1,0,2,0,3,0,0,0,0,0,0,0,0,0,0,0,0,19,3,1,2,0,0,1,2,4,0,3,2,0,0,0,21,9,0
C:\Users\syuuj\jsoup\src\main\java\org\jsoup\parser\Tag.java,org.jsoup.parser.Tag,class,4,27,23,4,52,1,0,19,65,0.83752865,0.23715416,0.6758893,23,5,19,2,1,1,23,0,0,0,19,9,0,19,0,0,10,0,15,164,32,2,11,1,8,210,21,49,14,32,2,0,0,8,128,1,0
C:\Users\syuuj\jsoup\src\main\java\org\jsoup\parser\Token.java,org.jsoup.parser.Token$Character,innerclass,2,2,0,2,7,2,0,3,9,0.5,0.2,0.2,6,0,1,0,1,4,6,0,0,0,1,0,0,1,0,0,0,0,0,30,5,0,0,1,0,0,0,3,0,1,1,0,0,0,18,8,0
C:\Users\syuuj\jsoup\src\main\java\org\jsoup\select\Evaluator.java,org.jsoup.select.Evaluator$IsLastOfType,innerclass,1,1,0,1,2,4,0,0,1,0.0,0.0,0.0,2,0,2,0,0,0,2,0,0,0,0,0,0,0,0,0,0,0,0,8,1,0,0,0,0,1,2,0,0,0,0,0,0,0,8,25,0
C:\Users\syuuj\jsoup\src\test\java\org\jsoup\parser\ParserTest.java,org.jsoup.parser.ParserTest,class,5,5,0,5,4,1,0,9,3,0.0,0.0,0.0,3,0,3,0,0,0,3,0,0,0,0,0,0,0,0,0,0,0,3,20,0,1,0,0,0,7,3,5,1,5,1,0,0,0,27,1,0
C:\Users\syuuj\jsoup\src\main\java\org\jsoup\select\Evaluator.java,org.jsoup.select.Evaluator$Attribute,innerclass,3,3,0,3,4,2,0,2,0,0.25,0.5,0.5,4,0,3,0,1,0,4,0,0,0,1,0,0,1,0,0,1,0,1,15,3,0,0,0,0,1,1,1,0,1,0,0,0,0,12,25,0
C:\Users\syuuj\jsoup\src\test\java\org\jsoup\integration\servlets\RedirectServlet.java,org.jsoup.integration.servlets.RedirectServlet,class,7,8,1,7,5,3,0,7,0,0.33333334,0.0,0.0,1,0,0,0,1,0,2,0,0,0,6,6,5,1,0,0,6,0,2,27,0,0,3,0,0,9,0,12,0,10,1,0,0,0,26,1,0
C:\Users\syuuj\jsoup\src\main\java\org\jsoup\internal\StringUtil.java,org.jsoup.internal.StringUtil$StringJoiner,innerclass,4,4,0,4,5,1,0,5,0,0.5,0.6666667,1.0,4,0,4,0,0,0,4,0,0,0,3,0,0,0,0,3,1,0,4,25,3,0,0,0,0,0,0,6,0,4,1,0,0,0,62,9,0
C:\Users\syuuj\jsoup\src\test\java\org\jsoup\parser\XmlTreeBuilderTest.java,org.jsoup.parser.XmlTreeBuilderTest,class,20,21,1,20,35,1,0,74,561,0.0,0.0,0.0,34,1,29,1,0,4,33,0,0,0,0,0,0,0,0,0,0,0,77,233,0,1,0,0,1,128,19,84,1,84,1,0,0,0,198,1,0
C:\Users\syuuj\jsoup\src\main\java\org\jsoup\select\NodeFilter.java,org.jsoup.select.NodeFilter$FilterResult,enum,0,0,0,0,0,1,0,0,0,0.0,-1.0,-1.0,0,0,0,0,0,0,0,0,0,0,0,0,0,0,0,0,0,0,0,6,0,0,0,0,0,0,0,0,0,0,0,0,0,0,22,0,0
C:\Users\syuuj\jsoup\src\main\java\org\jsoup\Connection.java,org.jsoup.Connection$KeyVal,interface,2,2,0,2,9,1,0,0,36,0.0,0.0,0.0,9,0,0,0,0,9,9,0,0,0,0,0,0,0,0,0,0,0,0,11,0,0,0,0,0,0,0,0,0,0,0,0,0,0,58,0,0
C:\Users\syuuj\jsoup\src\main\java\org\jsoup\nodes\Entities.java,org.jsoup.nodes.Entities,class,12,20,8,12,57,1,0,34,56,0.8333333,0.16666667,0.16666667,13,12,7,4,0,2,9,0,0,0,6,6,0,5,0,1,5,0,17,215,16,2,14,2,0,10,22,49,0,31,4,0,2,0,151,1,0
C:\Users\syuuj\jsoup\src\main\java\org\jsoup\parser\Token.java,org.jsoup.parser.Token$CData,innerclass,1,1,0,1,2,3,0,2,1,0.0,0.0,0.0,2,0,1,0,0,1,2,0,0,0,0,0,0,0,0,0,0,0,0,9,1,0,0,0,0,2,0,0,1,0,0,0,0,0,7,24,0
C:\Users\syuuj\jsoup\src\main\java\org\jsoup\select\Elements.java,org.jsoup.select.Elements,class,17,55,38,17,125,4,0,76,2016,0.0,0.0,0.0,64,0,62,2,0,0,62,0,0,0,0,0,0,0,0,0,0,0,16,345,64,37,7,0,0,5,9,31,1,27,4,0,0,0,315,1,0
C:\Users\syuuj\jsoup\src\main\java\org\jsoup\select\Evaluator.java,org.jsoup.select.Evaluator$AttributeWithValueContaining,innerclass,4,4,0,4,4,3,0,5,6,0.0,0.0,0.0,4,0,3,0,1,0,4,0,0,0,0,0,0,0,0,0,0,0,2,14,3,0,0,0,0,1,1,0,0,0,0,0,0,0,21,25,0
C:\Users\syuuj\jsoup\src\main\java\org\jsoup\select\Evaluator.java,org.jsoup.select.Evaluator$AllElements,innerclass,2,2,0,2,3,2,0,0,3,0.0,0.0,0.0,3,0,2,0,1,0,3,0,0,0,0,0,0,0,0,0,0,0,0,11,3,0,0,0,0,1,1,0,0,0,0,0,0,0,13,25,0
C:\Users\syuuj\jsoup\src\main\java\org\jsoup\parser\TokeniserState.java,org.jsoup.parser.TokeniserState$Anonymous46,anonymous,3,3,0,3,5,1,0,6,0,0.0,NaN,NaN,1,0,0,0,0,1,1,0,0,0,0,0,0,0,0,0,0,0,0,28,0,0,0,0,0,0,0,1,0,1,1,0,0,0,11,-1,2
C:\Users\syuuj\jsoup\src\main\java\org\jsoup\parser\TokeniserState.java,org.jsoup.parser.TokeniserState$Anonymous47,anonymous,3,3,0,3,4,1,0,10,0,0.0,NaN,NaN,1,0,0,0,0,1,1,0,0,0,0,0,0,0,0,0,0,0,0,22,0,0,0,0,0,0,0,1,0,1,1,0,0,0,12,-1,1
C:\Users\syuuj\jsoup\src\main\java\org\jsoup\parser\TokeniserState.java,org.jsoup.parser.TokeniserState$Anonymous48,anonymous,3,3,0,3,4,1,0,6,0,0.0,NaN,NaN,1,0,0,0,0,1,1,0,0,0,0,0,0,0,0,0,0,0,0,23,0,0,0,0,0,0,0,1,0,1,1,0,0,0,11,-1,1
C:\Users\syuuj\jsoup\src\test\java\org\jsoup\helper\HttpConnectionTest.java,org.jsoup.helper.HttpConnectionTest,class,18,18,0,18,40,1,0,81,666,0.0,0.0,0.0,37,0,28,0,0,9,37,0,0,0,0,0,0,0,0,0,0,0,22,330,0,0,0,3,0,174,13,76,1,71,1,2,0,7,152,1,0
C:\Users\syuuj\jsoup\src\test\java\org\jsoup\safety\CleanerTest.java,org.jsoup.safety.CleanerTest,class,12,12,0,12,41,1,0,47,820,0.0,0.0,0.0,41,0,36,0,0,5,41,0,0,0,0,0,0,0,0,0,0,0,130,285,0,0,0,0,0,165,1,116,1,113,1,0,0,1,203,1,0
C:\Users\syuuj\jsoup\src\main\java\org\jsoup\parser\TokeniserState.java,org.jsoup.parser.TokeniserState$Anonymous49,anonymous,3,3,0,3,6,1,0,7,0,0.0,NaN,NaN,1,0,0,0,0,1,1,0,0,0,0,0,0,0,0,0,0,0,0,30,0,0,0,0,0,2,0,1,0,1,1,0,0,0,12,-1,1
C:\Users\syuuj\jsoup\src\main\java\org\jsoup\parser\TokeniserState.java,org.jsoup.parser.TokeniserState$Anonymous42,anonymous,2,2,0,2,3,1,0,6,0,0.0,NaN,NaN,1,0,0,0,0,1,1,0,0,0,0,0,0,0,0,0,0,0,0,20,0,0,0,0,0,0,0,2,0,1,1,0,0,0,11,-1,1
C:\Users\syuuj\jsoup\src\main\java\org\jsoup\nodes\TextNode.java,org.jsoup.nodes.TextNode,class,10,35,25,10,34,3,1,35,105,0.0,0.0,0.0,15,4,10,0,0,5,15,0,0,0,0,0,0,0,0,0,0,0,9,72,13,0,8,0,14,7,9,19,2,15,2,0,0,0,130,1,0
C:\Users\syuuj\jsoup\src\main\java\org\jsoup\parser\TokeniserState.java,org.jsoup.parser.TokeniserState$Anonymous43,anonymous,3,3,0,3,3,1,0,6,0,0.0,NaN,NaN,1,0,0,0,0,1,1,0,0,0,0,0,0,0,0,0,0,0,0,11,0,0,2,0,0,0,0,1,0,1,1,0,0,0,8,-1,0
C:\Users\syuuj\jsoup\src\main\java\org\jsoup\parser\TokeniserState.java,org.jsoup.parser.TokeniserState$Anonymous44,anonymous,2,2,0,2,4,1,0,7,0,0.0,NaN,NaN,1,0,0,0,0,1,1,0,0,0,0,0,0,0,0,0,0,0,0,20,0,0,0,0,0,3,0,0,0,0,1,0,0,0,11,-1,1
C:\Users\syuuj\jsoup\src\main\java\org\jsoup\select\Evaluator.java,org.jsoup.select.Evaluator$AttributeWithValue,innerclass,3,3,0,3,4,3,0,5,6,0.0,0.0,0.0,4,0,3,0,1,0,4,0,0,0,0,0,0,0,0,0,0,0,1,14,3,0,0,0,0,1,1,0,0,0,0,0,0,0,17,25,0
C:\Users\syuuj\jsoup\src\test\java\org\jsoup\nodes\BuildEntities.java,org.jsoup.nodes.BuildEntities$ByCode,innerclass,2,2,0,2,7,1,0,2,0,0.0,NaN,NaN,1,0,1,0,0,0,1,0,0,0,0,0,0,0,0,0,0,0,0,15,5,0,6,0,0,0,10,4,4,4,2,0,0,0,10,10,0
C:\Users\syuuj\jsoup\src\test\java\org\jsoup\nodes\ElementTest.java,org.jsoup.nodes.ElementTest$Anonymous1,anonymous,1,1,0,1,2,1,0,1,1,0.0,0.0,0.0,2,0,2,0,0,0,2,0,0,0,0,0,0,0,0,0,0,0,0,7,0,0,0,0,0,0,0,0,0,0,0,0,0,0,4,-1,0
C:\Users\syuuj\jsoup\src\main\java\org\jsoup\parser\TokeniserState.java,org.jsoup.parser.TokeniserState$Anonymous45,anonymous,3,3,0,3,5,1,0,7,0,0.0,NaN,NaN,1,0,0,0,0,1,1,0,0,0,0,0,0,0,0,0,0,0,0,28,0,0,0,0,0,0,0,1,0,1,1,0,0,0,12,-1,2
C:\Users\syuuj\jsoup\src\test\java\org\jsoup\nodes\ElementTest.java,org.jsoup.nodes.ElementTest$Anonymous2,anonymous,2,2,0,2,2,1,0,0,1,0.0,0.0,0.0,2,0,2,0,0,0,2,0,0,0,0,0,0,0,0,0,0,0,0,8,2,0,0,0,0,0,0,0,0,0,0,0,0,0,6,-1,0
C:\Users\syuuj\jsoup\src\main\java\org\jsoup\select\Evaluator.java,org.jsoup.select.Evaluator$AttributeWithValueNot,innerclass,3,3,0,3,4,3,0,3,6,0.0,0.0,0.0,4,0,3,0,1,0,4,0,0,0,0,0,0,0,0,0,0,0,1,14,3,0,0,0,0,1,1,0,0,0,0,0,0,0,18,25,0
C:\Users\syuuj\jsoup\src\main\java\org\jsoup\parser\ParseErrorList.java,org.jsoup.parser.ParseErrorList,class,2,11,9,2,8,4,0,2,1,0.6190476,0.2857143,0.2857143,7,2,3,0,0,4,7,0,0,0,3,1,0,3,0,0,3,0,0,28,5,0,0,0,0,0,3,3,0,3,0,0,0,0,42,1,0
C:\Users\syuuj\jsoup\src\test\java\org\jsoup\nodes\FormElementTest.java,org.jsoup.nodes.FormElementTest,class,14,14,0,14,14,1,0,46,78,0.0,0.0,0.0,13,1,13,0,0,0,13,0,0,0,0,0,0,0,0,0,0,0,14,127,0,0,0,1,3,89,25,50,4,49,1,0,0,0,109,1,0
C:\Users\syuuj\jsoup\src\main\java\org\jsoup\SerializationException.java,org.jsoup.SerializationException,class,0,5,5,0,4,4,0,0,6,0.0,0.0,0.0,4,0,4,0,0,0,4,0,0,0,0,0,0,0,0,0,0,0,0,14,0,0,0,0,0,0,0,0,0,0,0,0,0,0,44,17,0
C:\Users\syuuj\jsoup\src\main\java\org\jsoup\select\CombiningEvaluator.java,org.jsoup.select.CombiningEvaluator$Or,innerclass,5,5,0,5,9,3,0,7,15,0.0,0.0,0.0,6,0,3,0,0,3,6,0,0,0,0,0,0,0,0,0,0,0,2,28,3,1,0,0,0,1,2,2,0,2,2,0,0,0,43,25,0
C:\Users\syuuj\jsoup\src\main\java\org\jsoup\select\Evaluator.java,org.jsoup.select.Evaluator$ContainsText,innerclass,4,4,0,4,4,2,0,5,0,0.25,0.5,0.5,4,0,3,0,1,0,4,0,0,0,1,0,0,1,0,0,1,0,4,15,3,0,0,0,0,1,1,1,0,1,0,0,0,0,19,25,0
C:\Users\syuuj\jsoup\src\main\java\org\jsoup\Connection.java,org.jsoup.Connection$Base,interface,4,4,0,4,18,1,0,0,153,0.0,0.0,0.0,18,0,0,0,0,18,18,0,0,0,0,0,0,0,0,0,0,0,0,20,0,0,0,0,0,1,0,0,0,0,0,0,0,0,144,0,0
C:\Users\syuuj\jsoup\src\test\java\org\jsoup\nodes\EntitiesTest.java,org.jsoup.nodes.EntitiesTest,class,10,10,0,10,17,1,0,23,136,0.0,0.0,0.0,17,0,17,0,0,0,17,0,0,0,0,0,0,0,0,0,0,0,39,131,0,0,0,0,0,74,9,42,0,42,0,0,0,2,119,1,0
C:\Users\syuuj\jsoup\src\main\java\org\jsoup\parser\TokeniserState.java,org.jsoup.parser.TokeniserState$Anonymous50,anonymous,3,3,0,3,5,1,0,7,0,0.0,NaN,NaN,1,0,0,0,0,1,1,0,0,0,0,0,0,0,0,0,0,0,0,28,0,0,0,0,0,3,0,1,0,1,1,0,0,0,12,-1,1
C:\Users\syuuj\jsoup\src\main\java\org\jsoup\parser\TokeniserState.java,org.jsoup.parser.TokeniserState$Anonymous51,anonymous,2,2,0,2,8,1,0,6,0,0.0,NaN,NaN,1,0,0,0,0,1,1,0,0,0,0,0,0,0,0,0,0,0,0,26,0,0,0,0,0,0,0,2,0,1,1,0,0,0,11,-1,2
C:\Users\syuuj\jsoup\src\main\java\org\jsoup\select\Evaluator.java,org.jsoup.select.Evaluator$Id,innerclass,2,2,0,2,4,2,0,3,0,0.25,0.5,0.5,4,0,3,0,1,0,4,0,0,0,1,0,0,1,0,0,1,0,1,15,3,0,0,0,1,1,1,1,0,1,0,0,0,0,9,25,0
C:\Users\syuuj\jsoup\src\main\java\org\jsoup\select\Evaluator.java,org.jsoup.select.Evaluator$IsNthOfType,innerclass,3,3,0,3,7,3,0,6,3,0.0,0.0,0.0,3,0,1,0,2,0,3,0,0,0,0,0,0,0,0,0,0,0,0,20,3,1,2,0,0,1,3,5,0,5,2,0,0,0,26,9,0
C:\Users\syuuj\jsoup\src\test\java\org\jsoup\integration\ConnectTest.java,org.jsoup.integration.ConnectTest,class,33,35,2,33,68,1,0,118,1159,0.59322035,0.13974592,0.13974592,59,3,48,1,0,10,58,0,0,0,1,1,0,1,0,0,0,0,167,542,5,1,1,5,0,334,46,186,16,185,1,0,0,5,290,1,0
C:\Users\syuuj\jsoup\src\main\java\org\jsoup\parser\TokeniserState.java,org.jsoup.parser.TokeniserState$Anonymous52,anonymous,2,2,0,2,9,1,0,8,0,0.0,NaN,NaN,1,0,0,0,0,1,1,0,0,0,0,0,0,0,0,0,0,0,0,35,1,0,0,0,0,0,0,2,0,1,1,0,0,0,12,-1,1
C:\Users\syuuj\jsoup\src\test\java\org\jsoup\parser\TagTest.java,org.jsoup.parser.TagTest,class,3,3,0,3,13,1,0,17,78,0.0,0.0,0.0,13,0,13,0,0,0,13,0,0,0,0,0,0,0,0,0,0,0,20,73,0,0,0,0,0,20,0,17,0,17,0,0,0,2,44,1,0
C:\Users\syuuj\jsoup\src\main\java\org\jsoup\select\StructuralEvaluator.java,org.jsoup.select.StructuralEvaluator$PreviousSibling,innerclass,3,3,0,3,8,3,0,5,6,0.0,0.0,0.0,4,0,3,0,1,0,4,0,0,0,0,0,0,0,0,0,0,0,1,21,5,1,3,0,0,1,1,2,1,1,2,0,0,0,18,8,0
C:\Users\syuuj\jsoup\src\main\java\org\jsoup\parser\TokeniserState.java,org.jsoup.parser.TokeniserState$Anonymous57,anonymous,2,2,0,2,5,1,0,6,0,0.0,NaN,NaN,1,0,0,0,0,1,1,0,0,0,0,0,0,0,0,0,0,0,0,28,0,0,0,0,0,0,0,3,0,1,1,0,0,0,14,-1,2
C:\Users\syuuj\jsoup\src\main\java\org\jsoup\parser\TokeniserState.java,org.jsoup.parser.TokeniserState$Anonymous58,anonymous,2,2,0,2,5,1,0,6,0,0.0,NaN,NaN,1,0,0,0,0,1,1,0,0,0,0,0,0,0,0,0,0,0,0,28,0,0,0,0,0,0,0,3,0,1,1,0,0,0,14,-1,2
C:\Users\syuuj\jsoup\src\main\java\org\jsoup\parser\TokeniserState.java,org.jsoup.parser.TokeniserState$Anonymous59,anonymous,2,2,0,2,10,1,0,5,0,0.0,NaN,NaN,1,0,0,0,0,1,1,0,0,0,0,0,0,0,0,0,0,0,0,36,0,0,0,0,0,0,0,3,0,1,1,0,0,0,19,-1,3
C:\Users\syuuj\jsoup\src\main\java\org\jsoup\examples\HtmlToPlainText.java,org.jsoup.examples.HtmlToPlainText$FormattingVisitor,innerclass,5,5,0,5,18,1,0,14,4,0.6666667,0.0,0.0,4,0,3,1,0,0,3,0,0,0,3,1,0,3,0,0,1,0,4,44,2,1,2,0,2,32,7,14,5,9,4,0,0,0,22,10,0
C:\Users\syuuj\jsoup\src\main\java\org\jsoup\parser\TokeniserState.java,org.jsoup.parser.TokeniserState$Anonymous53,anonymous,2,2,0,2,10,1,0,9,0,0.0,NaN,NaN,1,0,0,0,0,1,1,0,0,0,0,0,0,0,0,0,0,0,0,35,1,0,0,0,0,0,0,3,0,2,1,0,0,0,14,-1,1
C:\Users\syuuj\jsoup\src\main\java\org\jsoup\select\Collector.java,org.jsoup.select.Collector,class,8,10,2,8,5,1,0,5,3,0.0,0.0,0.0,3,2,2,1,0,0,2,0,0,0,0,0,0,0,0,0,0,0,1,45,2,0,0,0,0,0,0,3,0,5,3,0,1,1,49,1,0
C:\Users\syuuj\jsoup\src\main\java\org\jsoup\parser\TokeniserState.java,org.jsoup.parser.TokeniserState$Anonymous54,anonymous,2,2,0,2,6,1,0,10,0,0.0,NaN,NaN,1,0,0,0,0,1,1,0,0,0,0,0,0,0,0,0,0,0,0,29,1,0,0,0,0,0,0,4,0,0,2,0,0,0,13,-1,1
C:\Users\syuuj\jsoup\src\main\java\org\jsoup\parser\TokeniserState.java,org.jsoup.parser.TokeniserState$Anonymous55,anonymous,2,2,0,2,10,1,0,5,0,0.0,NaN,NaN,1,0,0,0,0,1,1,0,0,0,0,0,0,0,0,0,0,0,0,38,0,0,0,0,0,0,0,4,0,1,1,0,0,0,16,-1,4
C:\Users\syuuj\jsoup\src\main\java\org\jsoup\helper\ValidationException.java,org.jsoup.helper.ValidationException,class,2,6,4,2,4,5,0,8,1,0.5,0.0,0.0,2,0,2,0,0,0,2,0,0,1,1,1,1,0,0,0,1,0,0,17,1,1,0,0,0,0,1,3,0,3,2,0,0,0,24,1,0
C:\Users\syuuj\jsoup\src\main\java\org\jsoup\nodes\Attributes.java,org.jsoup.nodes.Attributes$Dataset$DatasetIterator,innerclass,2,2,0,2,5,1,0,9,0,0.33333334,1.0,1.0,3,0,3,0,0,0,3,0,0,0,2,0,0,2,0,0,0,0,0,17,3,1,0,0,0,0,0,2,0,2,2,0,0,0,11,2,0
C:\Users\syuuj\jsoup\src\main\java\org\jsoup\parser\TokeniserState.java,org.jsoup.parser.TokeniserState$Anonymous56,anonymous,2,2,0,2,10,1,0,5,0,0.0,NaN,NaN,1,0,0,0,0,1,1,0,0,0,0,0,0,0,0,0,0,0,0,35,0,0,0,0,0,0,0,4,0,1,1,0,0,0,15,-1,2
C:\Users\syuuj\jsoup\src\main\java\org\jsoup\select\StructuralEvaluator.java,org.jsoup.select.StructuralEvaluator$Not,innerclass,3,3,0,3,4,3,0,3,6,0.0,0.0,0.0,4,0,3,0,1,0,4,0,0,0,0,0,0,0,0,0,0,0,1,14,3,0,0,0,0,1,1,0,1,0,0,0,0,0,12,8,0
C:\Users\syuuj\jsoup\src\main\java\org\jsoup\internal\ConstrainableInputStream.java,org.jsoup.internal.ConstrainableInputStream,class,3,7,4,3,29,4,0,13,0,0.6734694,0.2,0.3,7,1,5,2,0,0,5,0,0,0,7,1,0,7,0,0,3,0,7,74,9,1,3,1,1,2,17,22,4,16,3,0,0,0,91,17,0
C:\Users\syuuj\jsoup\src\main\java\org\jsoup\parser\CharacterReader.java,org.jsoup.parser.CharacterReader,class,5,81,76,5,204,1,0,44,0,0.861244,0.5820408,0.7722449,55,2,15,5,0,35,50,0,0,0,19,6,0,16,0,3,6,0,30,510,76,23,29,2,13,11,62,133,47,100,3,0,0,0,265,17,0
C:\Users\syuuj\jsoup\src\main\java\org\jsoup\select\Evaluator.java,org.jsoup.select.Evaluator$IsFirstChild,innerclass,3,3,0,3,4,2,0,2,1,0.0,0.0,0.0,2,0,2,0,0,0,2,0,0,0,0,0,0,0,0,0,0,0,0,9,2,0,2,0,1,1,0,1,0,1,0,0,0,0,18,25,0
C:\Users\syuuj\jsoup\src\main\java\org\jsoup\parser\TokeniserState.java,org.jsoup.parser.TokeniserState$Anonymous60,anonymous,2,2,0,2,10,1,0,5,0,0.0,NaN,NaN,1,0,0,0,0,1,1,0,0,0,0,0,0,0,0,0,0,0,0,35,0,0,0,0,0,0,0,3,0,1,1,0,0,0,15,-1,3
C:\Users\syuuj\jsoup\src\main\java\org\jsoup\parser\TokeniserState.java,org.jsoup.parser.TokeniserState$Anonymous61,anonymous,2,2,0,2,10,1,0,5,0,0.0,NaN,NaN,1,0,0,0,0,1,1,0,0,0,0,0,0,0,0,0,0,0,0,38,0,0,0,0,0,0,0,4,0,1,1,0,0,0,15,-1,4
C:\Users\syuuj\jsoup\src\main\java\org\jsoup\parser\TokeniserState.java,org.jsoup.parser.TokeniserState$Anonymous62,anonymous,2,2,0,2,10,1,0,5,0,0.0,NaN,NaN,1,0,0,0,0,1,1,0,0,0,0,0,0,0,0,0,0,0,0,35,0,0,0,0,0,0,0,4,0,1,1,0,0,0,15,-1,2
C:\Users\syuuj\jsoup\src\main\java\org\jsoup\parser\TokeniserState.java,org.jsoup.parser.TokeniserState$Anonymous63,anonymous,2,2,0,2,5,1,0,6,0,0.0,NaN,NaN,1,0,0,0,0,1,1,0,0,0,0,0,0,0,0,0,0,0,0,28,0,0,0,0,0,0,0,3,0,1,1,0,0,0,14,-1,2
C:\Users\syuuj\jsoup\src\main\java\org\jsoup\select\StructuralEvaluator.java,org.jsoup.select.StructuralEvaluator$Root,innerclass,2,2,0,2,4,2,0,0,3,0.0,0.0,0.0,3,0,2,0,1,0,3,0,0,0,0,0,0,0,0,0,0,0,0,11,3,0,1,0,0,1,1,0,0,0,0,0,0,0,9,8,0
C:\Users\syuuj\jsoup\src\main\java\org\jsoup\helper\HttpConnection.java,org.jsoup.helper.HttpConnection$Response,innerclass,25,25,0,25,124,2,0,150,100,0.8392858,0.23076923,0.72527474,24,9,10,10,0,4,14,0,0,0,14,3,0,14,0,0,7,0,48,389,23,12,40,4,14,42,38,92,9,57,4,0,0,0,249,9,0
C:\Users\syuuj\jsoup\src\main\java\org\jsoup\select\NodeVisitor.java,org.jsoup.select.NodeVisitor,interface,1,17,16,1,2,1,0,0,1,0.0,0.0,0.0,2,0,0,0,0,2,2,0,0,0,0,0,0,0,0,0,0,0,0,5,0,0,0,0,0,0,0,0,0,0,0,0,0,0,77,1,0
C:\Users\syuuj\jsoup\src\main\java\org\jsoup\safety\Safelist.java,org.jsoup.safety.Safelist$Protocol,innerclass,2,2,0,2,2,2,0,0,1,0.0,0.0,0.0,2,1,0,0,0,2,2,0,0,0,0,0,0,0,0,0,0,0,0,8,1,0,0,0,0,0,0,0,0,0,0,0,0,0,5,8,0
C:\Users\syuuj\jsoup\src\test\java\org\jsoup\helper\HttpConnectionTest.java,org.jsoup.helper.HttpConnectionTest$Anonymous2,anonymous,1,1,0,1,1,1,0,1,0,0.0,NaN,NaN,1,0,1,0,0,0,1,0,0,0,0,0,0,0,0,0,0,0,0,5,1,0,0,0,0,2,0,0,0,0,0,0,0,0,5,-1,0
C:\Users\syuuj\jsoup\src\test\java\org\jsoup\helper\ValidateTest.java,org.jsoup.helper.ValidateTest,class,2,2,0,2,8,1,0,9,3,0.0,0.0,0.0,3,0,1,0,0,2,3,0,0,0,0,0,0,0,0,0,0,0,4,39,0,1,0,3,0,4,1,6,0,4,2,0,0,0,32,1,0
C:\Users\syuuj\jsoup\src\main\java\org\jsoup\parser\Token.java,org.jsoup.parser.Token$EOF,innerclass,2,2,0,2,3,2,0,1,3,0.0,0.0,0.0,3,0,1,0,0,2,3,0,0,0,0,0,0,0,0,0,0,0,0,12,2,0,0,0,0,1,0,1,0,0,0,0,0,0,8,24,0
C:\Users\syuuj\jsoup\src\main\java\org\jsoup\parser\Token.java,org.jsoup.parser.Token$StartTag,innerclass,4,4,0,4,7,3,0,7,6,0.0,0.0,0.0,4,0,1,0,0,3,4,0,0,0,0,0,0,0,0,0,0,0,1,22,4,0,0,0,0,5,1,6,2,1,1,0,0,0,19,24,0
C:\Users\syuuj\jsoup\src\main\java\org\jsoup\select\Evaluator.java,org.jsoup.select.Evaluator$AttributeWithValueStarting,innerclass,4,4,0,4,4,3,0,5,6,0.0,0.0,0.0,4,0,3,0,1,0,4,0,0,0,0,0,0,0,0,0,0,0,2,14,3,0,0,0,0,1,1,0,0,0,0,0,0,0,21,25,0
C:\Users\syuuj\jsoup\src\main\java\org\jsoup\nodes\DocumentType.java,org.jsoup.nodes.DocumentType,class,5,14,9,5,22,3,0,10,19,0.73333335,0.2857143,0.53571427,10,0,6,2,0,2,8,0,0,0,6,6,2,4,0,0,6,0,4,57,5,0,2,0,0,13,1,6,0,6,1,0,0,0,58,1,0
C:\Users\syuuj\jsoup\src\main\java\org\jsoup\Connection.java,org.jsoup.Connection$Request,interface,6,6,0,6,25,1,0,0,300,0.0,0.0,0.0,25,0,0,0,0,25,25,0,0,0,0,0,0,0,0,0,0,0,0,31,0,0,0,0,0,1,0,0,0,0,0,0,0,0,134,0,0
C:\Users\syuuj\jsoup\src\main\java\org\jsoup\examples\HtmlToPlainText.java,org.jsoup.examples.HtmlToPlainText,class,10,11,1,10,7,1,0,10,1,0.5,0.0,0.0,2,1,2,0,0,0,2,0,0,0,2,2,0,2,0,0,2,0,3,71,1,1,4,0,0,2,7,10,1,10,2,0,1,0,86,1,0
C:\Users\syuuj\jsoup\src\main\java\org\jsoup\HttpStatusException.java,org.jsoup.HttpStatusException,class,0,2,2,0,3,4,0,0,0,0.33333334,0.6666667,1.0,3,0,3,0,0,0,3,0,0,0,2,0,0,2,0,0,2,0,0,15,2,0,0,0,0,3,0,2,1,2,0,0,0,0,25,1,0
C:\Users\syuuj\jsoup\src\main\java\org\jsoup\select\QueryParser.java,org.jsoup.select.QueryParser,class,57,64,7,57,110,1,0,66,63,0.8136646,0.33333334,0.33333334,23,1,2,20,0,1,3,0,0,0,7,4,0,7,0,0,7,0,37,321,54,2,6,1,3,91,17,77,4,46,7,0,0,0,115,1,0
C:\Users\syuuj\jsoup\src\test\java\org\jsoup\helper\HttpConnectionTest.java,org.jsoup.helper.HttpConnectionTest$Anonymous1,anonymous,1,1,0,1,1,1,0,1,0,0.0,NaN,NaN,1,0,1,0,0,0,1,0,0,0,0,0,0,0,0,0,0,0,0,5,1,0,0,0,0,2,0,0,0,0,0,0,0,0,5,-1,0
C:\Users\syuuj\jsoup\src\main\java\org\jsoup\select\Evaluator.java,org.jsoup.select.Evaluator$MatchesWholeText,innerclass,2,2,0,2,4,2,0,4,0,0.25,0.5,0.5,4,0,3,0,1,0,4,0,0,0,1,0,0,1,0,0,1,0,1,16,3,0,0,0,0,1,1,2,0,2,0,0,0,0,21,25,0
C:\Users\syuuj\jsoup\src\main\java\org\jsoup\parser\HtmlTreeBuilderState.java,org.jsoup.parser.HtmlTreeBuilderState$Anonymous23,anonymous,4,4,0,4,9,1,0,12,0,0.0,NaN,NaN,1,0,0,0,0,1,1,0,0,0,0,0,0,0,0,0,0,0,1,20,4,0,0,0,1,2,0,0,0,0,1,0,0,0,11,-1,1
C:\Users\syuuj\jsoup\src\main\java\org\jsoup\nodes\NodeUtils.java,org.jsoup.nodes.NodeUtils,class,12,15,3,12,6,1,0,10,3,0.0,0.0,0.0,3,3,0,0,0,3,3,0,0,0,0,0,0,0,0,0,0,0,3,20,3,0,3,0,1,1,0,6,0,6,0,0,0,0,103,16,0
C:\Users\syuuj\jsoup\src\main\java\org\jsoup\parser\HtmlTreeBuilderState.java,org.jsoup.parser.HtmlTreeBuilderState$Anonymous22,anonymous,5,5,0,5,7,1,0,17,0,0.0,NaN,NaN,1,0,0,0,0,1,1,0,0,0,0,0,0,0,0,0,0,0,1,22,3,0,0,0,1,1,0,1,0,1,1,0,0,0,12,-1,1
C:\Users\syuuj\jsoup\src\main\java\org\jsoup\select\Evaluator.java,org.jsoup.select.Evaluator$Matches,innerclass,2,2,0,2,4,2,0,4,0,0.25,0.5,0.5,4,0,3,0,1,0,4,0,0,0,1,0,0,1,0,0,1,0,1,16,3,0,0,0,0,1,1,2,0,2,0,0,0,0,19,25,0
C:\Users\syuuj\jsoup\src\main\java\org\jsoup\parser\HtmlTreeBuilderState.java,org.jsoup.parser.HtmlTreeBuilderState$Anonymous24,anonymous,13,13,0,13,24,1,0,29,1,0.0,0.0,0.0,2,0,0,0,0,2,2,0,0,0,0,0,0,0,0,0,0,0,3,57,8,1,1,0,1,9,2,7,1,6,4,0,0,0,19,-1,3
C:\Users\syuuj\jsoup\src\main\java\org\jsoup\select\Evaluator.java,org.jsoup.select.Evaluator$IsOnlyChild,innerclass,3,3,0,3,3,2,0,3,1,0.0,0.0,0.0,2,0,2,0,0,0,2,0,0,0,0,0,0,0,0,0,0,0,0,9,2,0,1,0,1,1,0,1,0,1,0,0,0,0,12,25,0
C:\Users\syuuj\jsoup\src\test\java\org\jsoup\integration\FuzzFixesIT.java,org.jsoup.integration.FuzzFixesIT,class,6,6,0,6,8,1,0,12,1,0.44444445,1.0,1.0,3,1,0,1,0,2,2,0,0,0,3,3,0,0,0,3,0,0,11,29,1,2,0,0,0,9,7,12,4,12,2,0,0,0,58,1,0
C:\Users\syuuj\jsoup\src\test\java\org\jsoup\nodes\ElementIT.java,org.jsoup.nodes.ElementIT,class,6,6,0,6,14,1,0,28,15,0.0,0.0,0.0,6,0,2,0,0,4,6,0,0,0,0,0,0,0,0,0,0,0,6,100,0,6,0,0,0,28,29,41,9,38,1,0,0,0,42,1,0
C:\Users\syuuj\jsoup\src\main\java\org\jsoup\Connection.java,org.jsoup.Connection$Method,enum,0,0,0,0,2,1,0,0,0,0.0,1.0,1.0,2,0,1,0,0,1,2,0,1,0,1,0,0,1,0,0,1,0,0,8,1,0,0,0,0,0,0,1,0,1,0,0,0,0,30,0,0
C:\Users\syuuj\jsoup\src\main\java\org\jsoup\UncheckedIOException.java,org.jsoup.UncheckedIOException,class,0,2,2,0,3,5,0,1,3,0.0,0.0,0.0,3,0,3,0,0,0,3,0,0,0,0,0,0,0,0,0,0,0,0,11,1,0,0,0,0,0,0,0,0,0,0,0,0,0,19,1,0
C:\Users\syuuj\jsoup\src\test\java\org\jsoup\integration\SafelistExtensionTest.java,org.jsoup.integration.SafelistExtensionTest$OpenSafelist,innerclass,3,3,0,3,5,2,0,4,3,0.0,0.0,0.0,3,0,3,0,0,0,3,0,0,0,0,0,0,0,0,0,0,0,0,13,4,0,0,0,0,2,0,0,0,0,1,0,0,0,11,10,0
C:\Users\syuuj\jsoup\src\main\java\org\jsoup\helper\HttpConnection.java,org.jsoup.helper.HttpConnection$Base,innerclass,9,9,0,9,38,1,0,31,89,0.7818183,0.15789473,0.15789473,22,0,18,4,0,0,19,0,0,0,5,1,0,1,0,4,1,0,20,142,24,5,3,1,0,18,3,21,0,13,2,0,0,0,61,1034,0
C:\Users\syuuj\jsoup\src\main\java\org\jsoup\parser\TokenQueue.java,org.jsoup.parser.TokenQueue,class,4,9,5,4,80,1,0,31,24,0.7172414,0.47076923,0.64615387,29,2,26,3,0,0,26,0,0,0,5,3,0,5,0,0,3,0,9,224,30,10,18,0,1,11,23,55,4,34,4,0,0,0,215,1,0
C:\Users\syuuj\jsoup\src\main\java\org\jsoup\parser\ParseSettings.java,org.jsoup.parser.ParseSettings,class,4,19,15,4,13,1,0,3,0,0.71875,0.25,0.41666666,8,1,5,0,0,3,9,0,0,0,4,2,2,2,0,0,4,0,3,42,6,0,1,0,0,0,0,8,0,4,1,0,0,0,50,1,0
C:\Users\syuuj\jsoup\src\main\java\org\jsoup\select\NodeFilter.java,org.jsoup.select.NodeFilter,interface,2,11,9,2,2,1,0,0,1,0.0,0.0,0.0,2,0,0,0,0,2,2,0,0,0,0,0,0,0,0,0,0,0,0,12,1,0,0,0,0,0,0,0,0,0,0,0,1,0,90,1,0
C:\Users\syuuj\jsoup\src\main\java\org\jsoup\parser\HtmlTreeBuilderState.java,org.jsoup.parser.HtmlTreeBuilderState$Anonymous21,anonymous,4,4,0,4,11,1,0,17,0,0.0,NaN,NaN,1,0,0,0,0,1,1,0,0,0,0,0,0,0,0,0,0,0,1,30,5,0,0,0,0,3,0,0,0,0,1,0,0,0,13,-1,2
C:\Users\syuuj\jsoup\src\main\java\org\jsoup\parser\HtmlTreeBuilderState.java,org.jsoup.parser.HtmlTreeBuilderState$Anonymous20,anonymous,6,6,0,6,16,1,0,22,0,0.0,NaN,NaN,1,0,0,0,0,1,1,0,0,0,0,0,0,0,0,0,0,0,1,55,8,0,0,0,0,8,0,1,0,1,3,0,0,0,14,-1,5
C:\Users\syuuj\jsoup\src\main\java\org\jsoup\select\Evaluator.java,org.jsoup.select.Evaluator$MatchesWholeOwnText,innerclass,2,2,0,2,4,2,0,4,0,0.25,0.5,0.5,4,0,3,0,1,0,4,0,0,0,1,0,0,1,0,0,1,0,1,16,3,0,0,0,0,1,1,2,0,2,0,0,0,0,20,25,0
C:\Users\syuuj\jsoup\src\main\java\org\jsoup\parser\HtmlTreeBuilderState.java,org.jsoup.parser.HtmlTreeBuilderState$Anonymous12,anonymous,8,8,0,8,16,1,0,16,1,0.0,NaN,NaN,2,0,0,1,0,1,1,0,0,0,0,0,0,0,0,0,0,0,1,68,11,0,0,0,0,7,0,3,0,3,3,0,0,0,19,-1,3
C:\Users\syuuj\jsoup\src\main\java\org\jsoup\parser\HtmlTreeBuilderState.java,org.jsoup.parser.HtmlTreeBuilderState$Anonymous11,anonymous,6,6,0,6,12,1,0,17,0,0.0,NaN,NaN,1,0,0,0,0,1,1,0,0,0,0,0,0,0,0,0,0,0,2,32,5,0,0,0,1,5,0,3,0,3,3,0,0,0,17,-1,4
C:\Users\syuuj\jsoup\src\main\java\org\jsoup\parser\HtmlTreeBuilderState.java,org.jsoup.parser.HtmlTreeBuilderState$Anonymous14,anonymous,7,7,0,7,15,1,0,17,1,0.0,NaN,NaN,2,0,0,1,0,1,1,0,0,0,0,0,0,0,0,0,0,0,4,77,14,0,0,0,0,5,0,4,0,4,3,0,0,0,21,-1,5
C:\Users\syuuj\jsoup\src\main\java\org\jsoup\parser\HtmlTreeBuilderState.java,org.jsoup.parser.HtmlTreeBuilderState$Anonymous13,anonymous,9,9,0,9,15,1,0,20,3,0.0,NaN,NaN,3,0,0,2,0,1,1,0,0,0,0,0,0,0,0,0,0,0,4,62,12,0,0,0,1,6,0,4,0,3,3,0,0,0,22,-1,4
C:\Users\syuuj\jsoup\src\test\java\org\jsoup\parser\AttributeParseTest.java,org.jsoup.parser.AttributeParseTest,class,9,9,0,9,8,1,0,22,28,0.0,0.0,0.0,8,0,8,0,0,0,8,0,0,0,0,0,0,0,0,0,0,0,10,65,0,0,0,0,0,54,8,21,0,20,0,0,0,0,64,1,0
C:\Users\syuuj\jsoup\src\main\java\org\jsoup\parser\HtmlTreeBuilderState.java,org.jsoup.parser.HtmlTreeBuilderState$Anonymous16,anonymous,10,10,0,10,31,1,0,24,1,0.0,NaN,NaN,2,0,0,1,0,1,1,0,0,0,0,0,0,0,0,0,0,0,1,91,14,0,1,0,0,25,0,5,0,4,4,0,0,0,18,-1,9
C:\Users\syuuj\jsoup\src\main\java\org\jsoup\helper\W3CDom.java,org.jsoup.helper.W3CDom$W3CBuilder,innerclass,20,20,0,20,26,1,0,35,0,0.6458333,1.0,1.0,6,0,3,3,0,0,3,0,0,0,8,2,0,8,0,0,5,0,1,94,1,2,4,1,0,9,2,29,1,26,3,0,0,0,69,12,0
C:\Users\syuuj\jsoup\src\main\java\org\jsoup\parser\HtmlTreeBuilderState.java,org.jsoup.parser.HtmlTreeBuilderState$Anonymous15,anonymous,7,7,0,7,15,1,0,18,3,0.0,NaN,NaN,3,0,0,2,0,1,1,0,0,0,0,0,0,0,0,0,0,0,4,54,10,0,0,0,1,5,0,2,0,2,3,0,0,0,20,-1,5
C:\Users\syuuj\jsoup\src\main\java\org\jsoup\parser\HtmlTreeBuilderState.java,org.jsoup.parser.HtmlTreeBuilderState$Anonymous18,anonymous,4,4,0,4,17,1,0,17,0,0.0,NaN,NaN,1,0,0,0,0,1,1,0,0,0,0,0,0,0,0,0,0,0,2,66,10,0,1,0,0,7,1,2,0,1,3,0,0,0,19,-1,2
C:\Users\syuuj\jsoup\src\main\java\org\jsoup\parser\HtmlTreeBuilderState.java,org.jsoup.parser.HtmlTreeBuilderState$Anonymous17,anonymous,4,4,0,4,6,1,0,12,0,0.0,NaN,NaN,1,0,0,0,0,1,1,0,0,0,0,0,0,0,0,0,0,0,2,22,4,0,0,0,1,2,0,0,0,0,2,0,0,0,10,-1,2
C:\Users\syuuj\jsoup\src\main\java\org\jsoup\parser\HtmlTreeBuilderState.java,org.jsoup.parser.HtmlTreeBuilderState$Anonymous19,anonymous,5,5,0,5,11,1,0,21,0,0.0,NaN,NaN,1,0,0,0,0,1,1,0,0,0,0,0,0,0,0,0,0,0,1,36,5,0,1,0,0,3,0,1,0,1,2,0,0,0,16,-1,3
C:\Users\syuuj\jsoup\src\main\java\org\jsoup\select\Evaluator.java,org.jsoup.select.Evaluator$ContainsOwnText,innerclass,4,4,0,4,3,2,0,5,0,0.0,1.0,1.0,3,0,3,0,0,0,3,0,0,0,1,0,0,1,0,0,1,0,4,12,2,0,0,0,0,1,0,1,0,1,0,0,0,0,17,25,0
C:\Users\syuuj\jsoup\src\test\java\org\jsoup\nodes\NodeTest.java,org.jsoup.nodes.NodeTest$Anonymous1,anonymous,1,1,0,1,2,1,0,2,1,0.0,0.0,0.0,2,0,2,0,0,0,2,0,0,0,0,0,0,0,0,0,0,0,0,8,0,0,0,0,0,4,0,0,0,0,0,0,0,0,4,-1,0
C:\Users\syuuj\jsoup\src\main\java\org\jsoup\parser\TokeniserState.java,org.jsoup.parser.TokeniserState,enum,7,20,13,7,31,1,0,27,13,0.75,NaN,NaN,6,5,0,5,0,1,1,1,0,0,6,6,0,3,0,3,6,0,1,1672,2,0,1,0,0,3,0,15,0,13,2,67,0,0,104,0,1
C:\Users\syuuj\jsoup\src\main\java\org\jsoup\select\Evaluator.java,org.jsoup.select.Evaluator$IndexLessThan,innerclass,2,2,0,2,5,3,0,2,3,0.0,0.0,0.0,3,0,3,0,0,0,3,0,0,0,0,0,0,0,0,0,0,0,1,11,2,0,1,0,0,1,0,0,0,0,0,0,0,0,17,25,0
C:\Users\syuuj\jsoup\src\main\java\org\jsoup\nodes\Entities.java,org.jsoup.nodes.Entities$EscapeMode,enum,2,2,0,2,8,1,0,3,4,0.6875,0.0,0.0,4,0,0,1,0,3,3,0,0,0,4,0,0,4,0,0,0,0,3,25,4,0,1,0,1,0,8,2,3,6,1,0,0,0,31,1,0
C:\Users\syuuj\jsoup\src\test\java\org\jsoup\nodes\DocumentTypeTest.java,org.jsoup.nodes.DocumentTypeTest,class,6,7,1,6,7,1,0,12,21,0.0,0.0,0.0,7,0,5,2,0,0,5,0,0,0,0,0,0,0,0,0,0,0,3,45,2,0,0,0,0,32,2,9,0,9,0,0,0,1,67,1,0
C:\Users\syuuj\jsoup\src\test\java\org\jsoup\select\QueryParserTest.java,org.jsoup.select.QueryParserTest,class,13,13,0,13,11,1,0,14,45,0.0,0.0,0.0,10,0,10,0,0,0,10,0,0,0,0,0,0,0,0,0,0,0,6,69,0,1,0,0,0,25,13,16,1,16,1,0,0,4,76,1,0
C:\Users\syuuj\jsoup\src\main\java\org\jsoup\select\Evaluator.java,org.jsoup.select.Evaluator$MatchText,innerclass,6,6,0,6,5,2,0,9,3,0.0,0.0,0.0,3,0,2,0,1,0,3,0,0,0,0,0,0,0,0,0,0,0,1,18,4,1,0,0,0,1,1,2,0,2,1,0,0,0,16,25,0
C:\Users\syuuj\jsoup\src\main\java\org\jsoup\parser\HtmlTreeBuilderState.java,org.jsoup.parser.HtmlTreeBuilderState$Anonymous10,anonymous,7,7,0,7,7,1,0,18,0,0.0,NaN,NaN,1,0,0,0,0,1,1,0,0,0,0,0,0,0,0,0,0,0,2,36,3,1,1,0,0,0,1,1,0,1,5,0,0,0,16,-1,2
C:\Users\syuuj\jsoup\src\main\java\org\jsoup\safety\Cleaner.java,org.jsoup.safety.Cleaner$ElementMeta,innerclass,1,1,0,1,1,1,0,0,0,0.0,NaN,NaN,1,0,0,0,0,1,1,0,0,0,2,0,0,0,0,2,0,0,0,8,0,0,0,0,0,0,0,2,0,2,0,0,0,0,6,10,0
C:\Users\syuuj\jsoup\src\test\java\org\jsoup\MultiLocaleExtension.java,org.jsoup.MultiLocaleExtension,class,7,8,1,7,2,1,0,5,1,0.5,0.0,0.0,2,0,2,0,0,0,2,0,0,0,1,0,0,1,0,0,1,0,3,10,1,0,0,0,0,1,0,1,0,1,0,0,0,0,13,1,0
C:\Users\syuuj\jsoup\src\test\java\org\jsoup\integration\servlets\HelloServlet.java,org.jsoup.integration.servlets.HelloServlet,class,6,7,1,6,2,3,0,5,0,1.0,0.0,0.0,1,0,0,0,1,0,2,0,0,0,2,2,2,0,0,0,2,0,1,15,0,0,0,0,0,1,0,4,0,4,0,0,0,0,19,1,0
C:\Users\syuuj\jsoup\src\main\java\org\jsoup\select\Evaluator.java,org.jsoup.select.Evaluator,class,7,58,51,7,4,58,60,0,6,0.0,0.0,0.0,4,0,1,0,3,0,4,1,0,0,0,0,0,0,0,0,0,0,0,575,1,0,0,0,0,0,1,0,0,0,0,0,41,0,42,1025,0
C:\Users\syuuj\jsoup\src\test\java\org\jsoup\integration\SessionIT.java,org.jsoup.integration.SessionIT$ThreadCatcher,innerclass,0,0,0,0,3,1,0,4,0,0.0,NaN,NaN,1,0,1,0,0,0,1,0,0,0,2,0,0,0,0,2,0,0,0,9,0,0,0,0,0,1,0,2,0,2,1,0,0,0,14,8,0
C:\Users\syuuj\jsoup\src\test\java\org\jsoup\nodes\AttributesTest.java,org.jsoup.nodes.AttributesTest,class,7,7,0,7,29,1,0,40,210,0.0,0.0,0.0,21,0,20,0,0,1,21,0,0,0,0,0,0,0,0,0,0,0,14,264,0,7,0,1,0,182,30,58,0,55,2,0,0,0,93,1,0
C:\Users\syuuj\jsoup\src\main\java\org\jsoup\Connection.java,org.jsoup.Connection,interface,10,29,19,10,40,1,0,3,780,0.0,0.0,0.0,40,0,0,0,0,40,40,0,0,0,0,0,0,0,0,0,0,0,0,130,2,0,0,0,0,1,0,0,0,0,0,0,5,0,434,1,0
C:\Users\syuuj\jsoup\src\main\java\org\jsoup\select\Evaluator.java,org.jsoup.select.Evaluator$IsRoot,innerclass,3,3,0,3,5,2,0,1,3,0.0,0.0,0.0,3,0,2,0,1,0,3,0,0,0,0,0,0,0,0,0,0,0,0,12,3,0,1,0,0,1,1,1,0,1,0,0,0,0,19,25,0
C:\Users\syuuj\jsoup\src\main\java\org\jsoup\nodes\CDataNode.java,org.jsoup.nodes.CDataNode,class,3,12,9,3,6,4,0,3,15,0.0,0.0,0.0,6,0,4,0,0,2,6,0,0,0,0,0,0,0,0,0,0,0,0,20,3,0,0,0,0,3,0,0,0,0,0,0,0,0,32,1,0
C:\Users\syuuj\jsoup\src\main\java\org\jsoup\select\StructuralEvaluator.java,org.jsoup.select.StructuralEvaluator$Parent,innerclass,3,3,0,3,8,3,0,4,6,0.0,0.0,0.0,4,0,3,0,1,0,4,0,0,0,0,0,0,0,0,0,0,0,1,21,5,1,3,0,0,1,1,2,1,1,2,0,0,0,17,8,0
C:\Users\syuuj\jsoup\src\main\java\org\jsoup\select\Evaluator.java,org.jsoup.select.Evaluator$IsLastChild,innerclass,3,3,0,3,4,2,0,2,1,0.0,0.0,0.0,2,0,2,0,0,0,2,0,0,0,0,0,0,0,0,0,0,0,0,9,2,0,2,0,1,1,0,1,0,1,0,0,0,0,18,25,0
C:\Users\syuuj\jsoup\src\test\java\org\jsoup\nodes\NodeTest.java,org.jsoup.nodes.NodeTest,class,14,15,1,14,41,1,0,87,595,0.0,0.0,0.0,35,0,27,2,0,6,33,0,0,0,0,0,0,0,0,0,0,0,44,351,2,2,0,0,1,221,27,107,1,108,3,1,0,1,176,1,0
C:\Users\syuuj\jsoup\src\main\java\org\jsoup\select\Evaluator.java,org.jsoup.select.Evaluator$IsNthLastChild,innerclass,2,2,0,2,4,3,0,3,3,0.0,0.0,0.0,3,0,1,0,2,0,3,0,0,0,0,0,0,0,0,0,0,0,0,12,3,0,1,0,0,1,1,0,1,0,1,0,0,0,21,25,0
C:\Users\syuuj\jsoup\src\test\java\org\jsoup\parser\TokeniserTest.java,org.jsoup.parser.TokeniserTest,class,15,15,0,15,23,1,0,38,66,0.0,0.0,0.0,12,0,12,0,0,0,12,0,0,0,0,0,0,0,0,0,0,0,12,170,0,10,1,0,3,59,20,67,15,67,2,0,0,0,94,1,0
C:\Users\syuuj\jsoup\src\main\java\org\jsoup\helper\RequestAuthenticator.java,org.jsoup.helper.RequestAuthenticator,interface,2,11,9,2,1,1,0,0,0,0.0,NaN,NaN,1,0,0,0,0,1,1,0,0,0,0,0,0,0,0,0,0,0,0,31,0,0,0,0,0,0,0,0,0,0,0,0,1,0,42,1,0
C:\Users\syuuj\jsoup\src\main\java\org\jsoup\parser\Token.java,org.jsoup.parser.Token$TokenType,enum,0,0,0,0,0,1,0,0,0,0.0,-1.0,-1.0,0,0,0,0,0,0,0,0,0,0,0,0,0,0,0,0,0,0,0,1,0,0,0,0,0,0,0,0,0,0,0,0,0,0,6,1,0
C:\Users\syuuj\jsoup\src\test\java\org\jsoup\select\ElementsTest.java,org.jsoup.select.ElementsTest,class,13,13,0,13,52,1,0,104,1176,0.0,0.0,0.0,49,0,49,0,0,0,49,0,0,0,0,0,0,0,0,0,0,0,57,466,1,2,0,0,0,271,103,141,1,144,2,1,0,4,165,1,0
C:\Users\syuuj\jsoup\src\main\java\org\jsoup\nodes\Attribute.java,org.jsoup.nodes.Attribute,class,11,30,19,11,48,1,0,36,0,0.7784092,0.6017316,0.66233766,22,7,15,0,6,1,22,0,1,0,8,5,0,7,0,1,5,0,24,131,22,0,19,2,5,38,4,26,2,15,2,0,0,0,126,1,0
C:\Users\syuuj\jsoup\src\test\java\org\jsoup\nodes\PositionTest.java,org.jsoup.nodes.PositionTest,class,18,18,0,18,13,1,0,41,15,0.4,0.33333334,0.33333334,10,0,0,0,0,10,10,0,0,0,1,1,0,0,0,1,0,0,18,162,0,2,0,0,0,58,15,54,1,54,2,0,0,1,91,0,0
C:\Users\syuuj\jsoup\src\test\java\org\jsoup\integration\Benchmark.java,org.jsoup.integration.Benchmark,class,1,2,1,1,4,1,0,6,3,0.0,NaN,NaN,3,3,1,2,0,0,1,0,0,0,0,0,0,0,0,0,0,0,9,25,1,1,0,0,1,6,6,5,7,5,1,0,0,0,34,1,0
C:\Users\syuuj\jsoup\src\test\java\org\jsoup\integration\servlets\EchoServlet.java,org.jsoup.integration.servlets.EchoServlet,class,12,14,2,12,16,3,0,42,6,0.75,0.0,0.0,4,3,1,1,1,1,4,0,0,0,4,4,3,1,0,0,4,0,25,79,1,5,3,0,0,36,1,22,8,21,2,0,0,0,75,1,0
C:\Users\syuuj\jsoup\src\test\java\org\jsoup\integration\servlets\ProxyServlet.java,org.jsoup.integration.servlets.ProxyServlet$ConnectProxy,innerclass,4,4,0,4,3,2,0,2,0,0.0,1.0,1.0,2,0,1,0,1,0,2,0,0,0,1,0,0,0,0,1,1,0,0,13,1,0,0,0,0,3,0,2,1,2,1,0,0,0,25,8,0
